Name,EcositeID,YR,SampleID,HydroID,DrainID,DRNAREA,LU_11,LU_12,LU_21,LU_22,LU_23,LU_24,LU_25,LU_26,LU_27,LU_31,LU_32,LU_33,LU_41,LU_43,LU_44,LU_45,LU_50,LU_60,Develop,SemiDevel,Ag,Natural
CF259,CF259,1985,3652,501,501,606.98,1.58,87.08,3.298,1.48,0.478,0.184,0,1.923,4.879,0,2.309,0.094,0,256.031,2.441,0.816,244.327,0,12.242,2.403,259.288,244.327
CF264,CF264,1985,3498,511,511,1497.08,6.18,388.43,8.741,3.452,1.077,0.541,0.01,4.137,9.41,0.01,8.533,0.371,1.852,383.839,5.062,2.198,672.76,0.33,27.368,8.914,391.099,673.09
CF267,CF267,1985,3685,517,517,57.87,0.12,1.97,1.903,3.368,0.058,0.643,0.816,5.142,1.021,5.623,6.905,0,0,0.503,3.911,0.321,25.57,0,12.951,12.528,4.735,25.57
CF274,CF274,1985,3432,529,529,21.22,0.12,0.59,1.311,1.812,1.765,0.043,0,3.517,0.402,4.412,1.061,0.054,0.04,0.16,0.465,0,5.472,0,8.85,5.527,0.625,5.472
CF287,CF287,1985,3687,547,547,11.47,0.04,0.05,0.133,0.01,0,0.009,0,0.129,0.076,0,5.229,0,0,0.082,1.465,0.074,4.2,0,0.357,5.229,1.621,4.2
CF294,CF294,1985,3441,561,561,254.89,5.68,1.44,7.982,17.467,4.7,5.087,11.095,39.486,4.893,8.874,33.348,0.047,0.047,6.703,51.202,1.635,55.177,0,90.71,42.269,59.54,55.177
CF300,CF300,1985,3596,569,569,16.02,0.02,0.06,1.226,2.361,2.131,0.48,1.157,2.599,0.1,1.111,2.15,0.007,0.01,0.329,1.503,0.03,0.753,0,10.054,3.268,1.862,0.753
CF324,CF324,1985,3437,617,617,33.95,0.05,0.1,3.049,6.588,1.917,1.489,5.185,9.282,0.356,2.162,1.753,0,0,0.31,1.135,0.02,0.533,0,27.866,3.915,1.465,0.533
CF336,CF336,1985,3650,641,641,376.58,1.83,58.87,3.224,2.362,0.615,0.215,0.12,4.934,4.905,0,8.797,0.027,0,141.36,10.496,0.705,138.04,0.04,16.375,8.824,152.561,138.08
CF344,CF344,1985,3433,657,657,16.37,0.03,0.54,0.68,1.81,0.309,0.612,2.489,5.603,0.146,3.781,0.202,0,0,0.007,0.047,0,0.118,0,11.649,3.983,0.054,0.118
CF347,CF347,1985,3530,663,663,15.25,0.03,0.03,0.12,0.02,0.01,0,0,0,0.18,0,0.02,0,0,0.111,4.636,0.317,9.777,0,0.33,0.02,5.064,9.777
CF53,CF053,1985,3474,102,102,4.98,0.03,1.28,0.043,0.02,0.036,0,0,0,0.02,0,0.06,0.027,0,1.28,0.017,0.01,2.154,0,0.119,0.087,1.307,2.154
CF71,CF071,1985,3531,147,147,3470.33,57.32,30.08,47.882,61.072,20.848,15.532,22.815,158.757,44.978,50.792,295.31,0.759,0.898,89.075,717.812,35.403,1819.153,1.49,371.884,346.861,842.29,1820.643
CF93,CF093,1985,3597,191,191,77.56,1.69,0.25,3.546,6.326,3.335,1.646,1.429,13.788,1.172,7.964,11.031,0.161,0.104,3.192,11.075,0.219,10.625,0,31.242,19.156,14.486,10.625
CF94,CF094,1985,4352,193,193,628.17,4.05,1.35,10.696,13.83,7.357,3.739,2.954,38.308,7.782,10.968,86.41,0.205,0.151,14.3,164.249,6.774,254.985,0,84.666,97.583,185.323,254.985
CF95,CF095,1985,3600,195,195,235.26,2.59,0.48,7.91,11.333,6.438,3.279,2.634,28.991,3.145,10.951,53.092,0.178,0.141,7.883,55.522,1.538,39.128,0,63.73,64.221,64.943,39.128
CF96,CF096,1985,3601,197,197,265.69,2.69,0.53,8.666,12.436,6.889,3.379,2.897,33.534,3.686,10.968,64.713,0.188,0.151,8.239,59.091,1.599,46.007,0,71.487,75.869,68.929,46.007
CF97,CF097,1985,3602,199,199,354.46,3.29,0.87,9.692,12.952,7.045,3.442,2.897,34.93,5.028,10.968,73.019,0.188,0.151,10.041,86.672,2.861,90.374,0,75.986,84.175,99.574,90.374
CF98,CF098,1985,3603,201,201,407.57,3.46,1.04,10.015,13.095,7.125,3.442,2.897,35.503,5.665,10.968,76.849,0.188,0.151,11.273,106.696,3.694,115.472,0,77.742,88.005,121.663,115.472
CF120,CF120,1986,3751,245,245,7.17,0.01,0,0.498,1.12,0.35,0.17,0.21,2.15,0.094,0.984,0.106,0.02,0,0.278,0.516,0.03,0.636,0,4.592,1.11,0.824,0.636
CF13,CF013,1986,3731,22,22,2.04,0,0,0,0,0,0.06,0,0.004,0.006,0,0.732,0,0,0,0.04,0,1.204,0,0.07,0.732,0.04,1.204
CF136,CF136,1986,3828,273,273,1080.02,17.1,6.44,19.792,29.974,8.868,8.188,15.102,80.26,18.134,18.238,126.22,0.224,0.21,28.598,306.144,14.05,382.366,0,180.318,144.682,348.792,382.366
CF141,CF141,1986,3829,283,283,1294.42,18.38,6.91,20.614,30.284,8.878,8.27,15.102,80.474,20.056,18.238,136.018,0.224,0.21,31.268,360.706,17.522,520.18,0.94,183.678,154.48,409.496,521.12
CF159,CF159,1986,3747,313,313,15.96,0.05,0.06,1.302,1.672,0.588,0.236,0.252,5.226,0.62,1.904,0.954,0,0,0.718,1.308,0.02,1.048,0,9.896,2.858,2.046,1.048
CF194,CF194,1986,3892,371,371,7.17,0.05,0.01,0,0.01,0.014,0,0,0.168,0.322,0,0.804,0,0,0.286,3.236,0.128,2.112,0,0.514,0.804,3.65,2.112
CF20,CF020,1986,3826,36,36,241.27,3.12,0.42,3.798,2.85,1.048,0.942,0.21,11.206,4.084,1.832,33.238,0.138,0.124,6.23,76.644,3.612,91.748,0,24.138,35.208,86.486,91.748
CF204,CF204,1986,3740,391,391,53.06,0.02,7.29,0.284,0.104,0.02,0.048,0,0.04,0.47,0,0.126,0,0,17.99,0.214,0.112,26.32,0,0.966,0.126,18.316,26.32
CF217,CF217,1986,3778,417,417,345.27,4.55,17.58,2.488,1.972,3.268,2.21,0.154,4.232,5.602,2.004,15.93,0.2,0.14,24.652,12.378,0.428,247.436,0,19.926,18.134,37.458,247.436
CF229,CF229,1986,3748,441,441,25.51,0.05,0.01,2.348,5.368,1.536,0.938,2.69,7.872,0.288,1.834,1.19,0,0,0.252,0.812,0.02,0.306,0,21.04,3.024,1.084,0.306
CF24,CF024,1986,3780,44,44,1265.84,8.24,185.74,12.702,6.03,1.316,0.942,0.12,9.036,12.428,0,15.688,0.036,0,450.82,13.648,2.39,546.064,0.5,42.574,15.724,466.858,546.564
CF257,CF257,1986,3004,497,497,117.94,0.2,16.34,0.2,0.434,0.212,0.04,0,0.77,1.294,0,0.15,0.01,0,59.458,0.46,0.13,38.25,0,2.95,0.16,60.048,38.25
CF262,CF262,1986,3820,507,507,10.17,0,0.34,0.2,0.314,0.186,0.04,0,0.77,0.184,0,0.15,0.01,0,6.124,0.046,0.01,1.81,0,1.694,0.16,6.18,1.81
CF277,CF277,1986,3977,535,535,8,0.05,0.56,0.318,0.07,0.02,0.01,0,0.11,0.13,0,0.08,0,0,3.994,0.01,0.01,2.654,0,0.658,0.08,4.014,2.654
CF278,CF278,1986,3976,537,537,4.27,0.04,0.2,0.254,0,0,0,0,0,0.05,0,0,0,0,2.24,0,0,1.496,0,0.304,0,2.24,1.496
CF112,CF112,1983,3105,229,229,180.22,0.69,20.69,3.277,1.586,0.323,0.371,0,2.244,2.061,0,3.156,0,0,82.644,0.493,0.25,62.415,0,9.862,3.156,83.387,62.415
CF132,CF132,1983,3073,265,265,607.05,10.83,5.86,12.024,22.182,5.867,6.098,11.185,54.719,10.499,13.74,63.547,0.088,0.088,18.677,168.889,6.527,196.177,0,122.574,77.375,194.093,196.177
CF138,CF138,1983,3075,277,277,1012.52,16.16,6.41,19.038,29.226,8.446,7.926,13.593,78.413,18.677,18.847,110.068,0.221,0.225,30.484,287.245,12.749,354.703,0,175.319,129.136,330.478,354.703
CF141,CF141,1983,2956,283,283,1294.42,18.38,6.91,20.191,29.756,8.467,7.955,13.593,78.821,21.664,18.847,118.387,0.221,0.225,34.982,360.874,17.633,536.425,0.94,180.447,137.455,413.489,537.365
CF141,CF141,1983,2957,283,283,1294.42,18.38,6.91,20.191,29.756,8.467,7.955,13.593,78.821,21.664,18.847,118.387,0.221,0.225,34.982,360.874,17.633,536.425,0.94,180.447,137.455,413.489,537.365
CF141,CF141,1983,2958,283,283,1294.42,18.38,6.91,20.191,29.756,8.467,7.955,13.593,78.821,21.664,18.847,118.387,0.221,0.225,34.982,360.874,17.633,536.425,0.94,180.447,137.455,413.489,537.365
CF261,CF261,1983,3103,505,505,972.02,2.82,147.78,6.589,2.631,0.57,0.232,0.01,3.443,7.553,0.01,6.473,0.169,0.01,351.66,4.141,1.585,436.255,0,21.028,6.652,357.386,436.255
CF294,CF294,1983,3072,561,561,254.89,5.68,1.44,7.754,17.289,4.6,5.009,10.365,39.282,5.091,9.158,31.936,0.049,0.049,7.201,51.554,1.645,56.759,0,89.39,41.143,60.4,56.759
CF300,CF300,1983,3022,569,569,16.02,0.02,0.06,1.222,2.347,2.117,0.48,1.139,2.613,0.1,1.117,2.15,0.009,0.01,0.363,1.501,0.03,0.751,0,10.018,3.276,1.894,0.751
CF318,CF318,1983,3131,605,605,97.84,0.82,4.27,1.433,3.956,5.612,0.613,2.853,18.019,0.9,17.112,7.032,0.01,0,5.895,0.956,0.01,28.342,0,33.386,24.154,6.861,28.342
CF336,CF336,1983,3102,641,641,376.58,1.83,58.87,3.208,2.334,0.585,0.185,0.12,4.618,5.195,0,6.119,0.029,0,142.14,10.472,0.715,140.08,0.04,16.245,6.148,153.327,140.12
CF37,CF037,1983,3010,70,70,67.29,0.13,0.05,0.415,0.11,0.124,0,0,0.281,0.46,0,2.15,0.02,0,1.231,21.266,1.06,39.993,0,1.39,2.17,23.557,39.993
CF71,CF071,1983,3127,147,147,3470.33,57.32,30.08,47.374,59.864,20.076,15.124,21.025,154.879,47.066,52.684,267.75,0.773,0.926,95.425,716.224,35.521,1846.371,1.49,365.408,321.207,847.17,1847.861
CF93,CF093,1983,3021,191,191,77.56,1.69,0.25,3.522,6.122,3.265,1.622,1.403,13.276,1.304,8.148,9.757,0.167,0.108,3.464,11.225,0.233,11.995,0,30.514,18.072,14.922,11.995
CF94,CF094,1983,3030,193,193,628.17,4.05,1.35,10.612,13.53,7.199,3.633,2.878,37.116,8.334,11.236,79.59,0.215,0.157,16.1,163.483,6.818,261.815,0,83.302,91.041,186.401,261.815
CF95,CF095,1983,3028,195,195,235.26,2.59,0.48,7.85,11.051,6.306,3.233,2.558,28.017,3.515,11.217,49.964,0.186,0.147,8.681,55.514,1.566,42.356,0,62.53,61.367,65.761,42.356
CF96,CF096,1983,3027,197,197,265.69,2.69,0.53,8.602,12.152,6.743,3.333,2.819,32.478,4.122,11.236,60.571,0.196,0.157,9.073,59.057,1.633,50.269,0,70.249,72.003,69.763,50.269
CF97,CF097,1983,3070,199,199,354.46,3.29,0.87,9.624,12.664,6.895,3.374,2.819,33.79,5.536,11.236,67.293,0.196,0.157,11.187,86.424,2.907,96.158,0,74.702,78.725,100.518,96.158
CF98,CF098,1983,3029,201,201,407.57,3.46,1.04,9.945,12.805,6.975,3.374,2.819,34.341,6.195,11.236,70.683,0.196,0.157,12.591,106.332,3.738,121.644,0,76.454,82.115,122.661,121.644
CF106,CF106,1984,3382,217,217,7.45,0,0.51,0,0,0.1,0,0,0,0,0,0,0,0,0,0,0,6.84,0,0.1,0,0,6.84
CF131,CF131,1984,3275,263,263,603.47,10.78,5.85,11.95,22.058,5.77,5.928,11.59,54.458,10.126,13.034,64.528,0.086,0.086,18.04,168.466,6.494,194.172,0,121.88,77.648,193,194.172
CF132,CF132,1984,3228,265,265,607.05,10.83,5.86,12.148,22.294,5.924,6.146,11.59,54.898,10.298,13.59,65.224,0.086,0.086,18.094,168.798,6.514,194.614,0,123.298,78.9,193.406,194.614
CF134,CF134,1984,3227,269,269,957.36,15.62,6.38,18.386,28.984,8.212,7.922,14.096,77.65,16.94,18.522,106.816,0.222,0.22,28.278,272.574,11.634,324.788,0,172.19,125.56,312.486,324.788
CF135,CF135,1984,3226,271,271,693.21,12.38,5.95,13.718,23.796,6.41,6.472,11.83,60.598,12.34,15.398,71.508,0.088,0.088,21.11,193.286,7.896,230.27,0,135.164,86.994,222.292,230.27
CF136,CF136,1984,3229,273,273,1080.02,17.1,6.44,19.516,29.622,8.594,8.014,14.096,79.21,19.162,18.644,116.78,0.222,0.22,30.754,306.402,14.13,390.998,0,178.214,135.646,351.286,390.998
CF136,CF136,1984,3325,273,273,1080.02,17.1,6.44,19.516,29.622,8.594,8.014,14.096,79.21,19.162,18.644,116.78,0.222,0.22,30.754,306.402,14.13,390.998,0,178.214,135.646,351.286,390.998
CF141,CF141,1984,3326,283,283,1294.42,18.38,6.91,20.332,29.932,8.604,8.06,14.096,79.372,21.128,18.644,124.264,0.222,0.22,33.744,360.818,17.596,531.01,0.94,181.524,143.13,412.158,531.95
CF217,CF217,1984,3349,417,417,345.27,4.55,17.58,2.464,1.926,3.244,2.07,0.152,3.966,5.706,2.002,14.5,0.2,0.14,25.196,12.304,0.424,248.798,0,19.528,16.702,37.924,248.798
CF225,CF225,1984,3372,433,433,14.25,0.17,0.11,0.072,0.024,0.01,0,0,0.07,0.05,0,1.328,0,0,0.344,0.526,0.02,11.52,0,0.226,1.328,0.89,11.52
CF240,CF240,1984,3277,463,463,45.99,0.4,0.57,0.564,1.44,0.066,0.462,0.936,2.456,0.734,1.928,11.288,0.03,0.05,0.444,4.73,0.334,19.544,0,6.658,13.246,5.508,19.544
CF26,CF026,1984,3272,48,48,48.67,0.47,4.2,0.27,0.954,0.156,0.06,0.03,2.604,1.128,0,2.328,0,0,16.82,4.356,0.184,15.11,0,5.202,2.328,21.36,15.11
CF394,CF394,1984,3205,715,715,7.12,0.02,0.01,0.22,0.04,0.012,0,0,0.05,0.11,0,0.03,0,0,0.12,1.198,0.092,5.208,0,0.432,0.03,1.41,5.208
CF69,CF069,1984,3245,141,141,5212.12,80.56,214.08,65.014,81.284,41.194,21.064,27.852,210.572,71.336,96.084,362.178,1.586,3.722,340.866,780.928,38.564,2771.654,3.06,518.316,459.848,1160.358,2774.714
CF71,CF071,1984,3350,147,147,3470.33,57.32,30.08,47.628,60.468,20.462,15.328,21.92,156.818,46.022,51.738,281.53,0.766,0.912,92.25,717.018,35.462,1832.762,1.49,368.646,334.034,844.73,1834.252
CF76,CF076,1984,3204,157,157,7.1,0.04,0,0.552,0.092,0.06,0,0,0.45,0.09,0,0.658,0.01,0,0.158,1.358,0.06,3.578,0,1.244,0.668,1.576,3.578
CF77,CF077,1984,3203,159,159,2.2,0.02,0,0.222,0.03,0.02,0,0,0.2,0.05,0,0.13,0,0,0.026,0.572,0.03,0.908,0,0.522,0.13,0.628,0.908
CF131,CF131,1985,3442,263,263,603.47,10.78,5.85,12.075,22.167,5.825,5.977,11.995,54.627,9.934,12.886,66.192,0.084,0.084,17.46,168.379,6.481,192.618,0,122.6,79.162,192.32,192.618
CF132,CF132,1985,3654,265,265,607.05,10.83,5.86,12.272,22.406,5.981,6.194,11.995,55.077,10.097,13.44,66.901,0.084,0.084,17.511,168.707,6.501,193.051,0,124.022,80.425,192.719,193.051
CF133,CF133,1985,3440,267,267,188.06,2.81,4.21,3.057,1.818,0.469,0.451,0,5.474,2.878,0,20.557,0.01,0.017,4.833,66.517,2.667,72.276,0,14.147,20.567,74.017,72.276
CF136,CF136,1985,3444,273,273,1080.02,17.1,6.44,19.654,29.798,8.731,8.101,14.599,79.735,18.648,18.441,121.5,0.223,0.215,29.676,306.273,14.09,386.682,0,179.266,140.164,350.039,386.682
CF136,CF136,1985,3653,273,273,1080.02,17.1,6.44,19.654,29.798,8.731,8.101,14.599,79.735,18.648,18.441,121.5,0.223,0.215,29.676,306.273,14.09,386.682,0,179.266,140.164,350.039,386.682
CF137,CF137,1985,3436,275,275,14.15,0.08,0.43,0.16,0.07,0.01,0.139,0,0.541,0.142,0,3.682,0,0,0.334,5.39,0.204,2.972,0,1.062,3.682,5.928,2.972
CF141,CF141,1985,3443,283,283,1294.42,18.38,6.91,20.473,30.108,8.741,8.165,14.599,79.923,20.592,18.441,130.141,0.223,0.215,32.506,360.762,17.559,525.595,0.94,182.601,148.805,410.827,526.535
CF15,CF015,1985,3473,26,26,4.52,0.16,0.4,0.093,0.01,0.01,0,0,0.02,0.02,0,0.16,0.01,0,0.935,0.03,0.02,2.658,0,0.153,0.17,0.985,2.658
CF186,CF186,1985,3527,357,357,14.54,0.02,0,0.78,2.207,0.788,0.463,2.182,4.972,0.17,0.956,0.965,0,0,0.238,0.567,0.047,0.189,0,11.562,1.921,0.852,0.189
CF200,CF200,1985,3439,383,383,9.71,0.04,0.03,0.37,0.779,0.319,0.25,0,2.626,0.15,0,1.814,0,0,0.118,1.288,0.05,1.862,0,4.494,1.814,1.456,1.862
CF223,CF223,1985,3475,429,429,15.1,0.1,1.03,0.483,0.02,0,0.045,0,0.08,0.133,0,0.15,0,0,5.025,0.064,0.027,7.943,0,0.761,0.15,5.116,7.943
CF239,CF239,1985,3434,461,461,8.26,0.04,0,0,0.01,0,0,0,0.05,0.17,0.03,1.503,0,0,0.064,1.553,0.11,4.723,0,0.23,1.533,1.727,4.723
CF240,CF240,1985,3435,463,463,45.99,0.4,0.57,0.566,1.45,0.069,0.463,1.049,2.399,0.706,1.917,12.072,0.03,0.05,0.426,4.735,0.331,18.746,0,6.702,14.019,5.492,18.746
CF25,CF025,1985,3651,46,46,677.29,2.33,73.46,8.808,3.365,0.653,0.614,0,3.898,6.566,0,5.282,0.007,0,274.1,2.656,1.027,294.458,0,23.904,5.289,277.783,294.458
CF251,CF251,1985,3438,485,485,37.17,0.14,0.01,1.95,6.834,1.411,1.813,5.482,12.618,0.493,2.547,1.834,0.047,0.007,0.165,1.287,0.02,0.496,0,30.601,4.428,1.472,0.496
CF287,CF287,1986,3966,547,547,11.47,0.04,0.05,0.134,0.01,0,0.012,0,0.142,0.068,0,5.722,0,0,0.076,1.47,0.072,3.7,0,0.366,5.722,1.618,3.7
CF290,CF290,1986,3821,553,553,8.6,0.01,1.19,0,0,0,0,0,0,0.09,0,0,0,0,4.504,0.014,0,2.776,0,0.09,0,4.518,2.776
CF294,CF294,1986,3825,561,561,254.89,5.68,1.44,8.096,17.556,4.75,5.126,11.46,39.588,4.794,8.732,34.054,0.046,0.046,6.454,51.026,1.63,54.386,0,91.37,42.832,59.11,54.386
CF300,CF300,1986,3891,569,569,16.02,0.02,0.06,1.228,2.368,2.138,0.48,1.166,2.592,0.1,1.108,2.15,0.006,0.01,0.312,1.504,0.03,0.754,0,10.072,3.264,1.846,0.754
CF304,CF304,1986,3754,577,577,10.95,0.06,0,0.294,0.21,0.01,0,0,0.36,0.19,0,1.2,0,0,0.032,0.998,0.07,7.516,0,1.064,1.2,1.1,7.516
CF31,CF031,1986,3750,58,58,10.62,0.05,0.04,0.06,0.604,0.07,0.07,0.546,2.348,0.126,1.004,2.408,0,0,0.062,0.514,0.02,2.678,0,3.824,3.412,0.596,2.678
CF338,CF338,1986,3752,645,645,80.68,0.41,0.29,0.394,0.16,0.01,0.03,0,0.11,1.544,0,1.6,0,0,1.994,30.73,1.552,41.834,0,2.248,1.6,34.276,41.834
CF342,CF342,1986,3978,653,653,12.16,0.04,0.9,0.184,0,0,0,0,0,0.08,0,0,0,0,6.084,0.02,0.01,4.836,0,0.264,0,6.114,4.836
CF48,CF048,1986,3749,92,92,4.52,0.03,0,0.592,0.578,0.942,0.04,0,0.014,0.168,0.056,0.012,0.03,0,0.01,0.05,0,1.986,0,2.334,0.098,0.06,1.986
CF59,CF059,1986,3753,112,112,7.57,0.02,0,0,0.02,0,0,0,0,0.08,0,0,0,0,0.068,1.282,0.09,6.014,0,0.1,0,1.44,6.014
CF66,CF066,1986,3708,132,132,4398.16,69.57,78.06,56.814,74.492,33.43,20.186,26.888,187.142,61.172,71.512,357.642,1.414,3.584,210.052,770.86,37.192,2335.64,2.076,460.124,430.568,1018.104,2337.716
CF69,CF069,1986,3779,141,141,5212.12,80.56,214.08,65.698,82.928,42.268,21.818,30.644,215.144,68.702,93.628,395.626,1.562,3.724,330.422,782.546,38.458,2740.728,3.06,527.202,490.816,1151.426,2743.788
CF70,CF070,1986,3707,144,144,4357.98,68.95,77.36,54.92,68.114,30.982,19.796,24.19,177.368,60.952,62.128,357.606,1.298,3.462,209.442,770.744,37.192,2330.966,2.076,436.322,421.032,1017.378,2333.042
CF71,CF071,1986,3827,147,147,3470.33,57.32,30.08,48.136,61.676,21.234,15.736,23.71,160.696,43.934,49.846,309.09,0.752,0.884,85.9,718.606,35.344,1805.544,1.49,375.122,359.688,839.85,1807.034
CF73,CF073,1986,3971,151,151,19.46,0.03,0,0.11,0.04,0,0,0,0,0.25,0,0,0,0,0.31,3.836,0.34,14.534,0,0.4,0,4.486,14.534
CF93,CF093,1986,3883,191,191,77.56,1.69,0.25,3.558,6.428,3.37,1.658,1.442,14.044,1.106,7.872,11.668,0.158,0.102,3.056,11,0.212,9.94,0,31.606,19.698,14.268,9.94
CF94,CF094,1986,3890,193,193,628.17,4.05,1.35,10.738,13.98,7.436,3.792,2.992,38.904,7.506,10.834,89.82,0.2,0.148,13.4,164.632,6.752,251.57,0,85.348,100.854,184.784,251.57
CF95,CF095,1986,3886,195,195,235.26,2.59,0.48,7.94,11.474,6.504,3.302,2.672,29.478,2.96,10.818,54.656,0.174,0.138,7.484,55.526,1.524,37.514,0,64.33,65.648,64.534,37.514
CF96,CF096,1986,3887,197,197,265.69,2.69,0.53,8.698,12.578,6.962,3.402,2.936,34.062,3.468,10.834,66.784,0.184,0.148,7.822,59.108,1.582,43.876,0,72.106,77.802,68.512,43.876
CF97,CF097,1986,3888,199,199,354.46,3.29,0.87,9.726,13.096,7.12,3.476,2.936,35.5,4.774,10.834,75.882,0.184,0.148,9.468,86.796,2.838,87.482,0,76.628,86.9,99.102,87.482
CF98,CF098,1986,3889,201,201,407.57,3.46,1.04,10.05,13.24,7.2,3.476,2.936,36.084,5.4,10.834,79.932,0.184,0.148,10.614,106.878,3.672,112.386,0,78.386,90.95,121.164,112.386
CF126,CF126,1987,4013,257,257,12.17,0.01,0.02,0.535,0.98,0.42,0.1,0.26,3.735,0.215,0.01,3.72,0.01,0.01,0.155,0.635,0,1.345,0,6.245,3.74,0.79,1.345
CF126,CF126,1987,4211,257,257,12.17,0.01,0.02,0.535,0.98,0.42,0.1,0.26,3.735,0.215,0.01,3.72,0.01,0.01,0.155,0.635,0,1.345,0,6.245,3.74,0.79,1.345
CF127,CF127,1987,4014,259,259,10.96,0.01,0.02,0.535,0.975,0.39,0.1,0.26,3.56,0.1,0.01,3.38,0.01,0.01,0.135,0.49,0,0.975,0,5.92,3.4,0.625,0.975
CF132,CF132,1987,4089,265,265,607.05,10.83,5.86,12.52,22.63,6.095,6.29,12.805,55.435,9.695,13.14,70.255,0.08,0.08,16.345,168.525,6.475,189.925,0,125.47,83.475,191.345,189.925
CF133,CF133,1987,4115,267,267,188.06,2.81,4.21,3.075,1.83,0.475,0.465,0,5.61,2.75,0,21.975,0.01,0.015,4.755,66.495,2.645,70.92,0,14.205,21.985,73.895,70.92
CF136,CF136,1987,4095,273,273,1080.02,17.1,6.44,19.93,30.15,9.005,8.275,15.605,80.785,17.62,18.035,130.94,0.225,0.205,27.52,306.015,14.01,378.05,0,181.37,149.2,347.545,378.05
CF198,CF198,1987,4457,379,379,5.29,0,0,0.09,0.69,0.155,0.25,0,2.53,0.01,0,1.14,0,0,0.03,0.245,0.01,0.155,0,3.725,1.14,0.285,0.155
CF199,CF199,1987,4456,381,381,5.23,0,0,0.09,0.69,0.135,0.25,0,2.53,0.01,0,1.095,0,0,0.03,0.235,0.01,0.155,0,3.705,1.095,0.275,0.155
CF240,CF240,1987,4094,463,463,45.99,0.4,0.57,0.57,1.47,0.075,0.465,1.275,2.285,0.65,1.895,13.64,0.03,0.05,0.39,4.745,0.325,17.15,0,6.79,15.565,5.46,17.15
CF264,CF264,1987,4100,511,511,1497.08,6.18,388.43,8.835,3.48,1.175,0.695,0.01,4.155,9.41,0.01,8.595,0.365,1.86,384.925,4.85,2.17,671.46,0.33,27.76,8.97,391.945,671.79
CF271,CF271,1987,4017,523,523,52.26,0.09,1.17,1.615,3.18,0.045,0.645,1.1,3.88,0.865,4.155,7.755,0,0,0.375,3.81,0.315,23.255,0,11.33,11.91,4.5,23.255
CF274,CF274,1987,4015,529,529,21.22,0.12,0.59,1.325,2,1.815,0.045,0,3.715,0.41,4.18,1.035,0.05,0.04,0.14,0.455,0,5.3,0,9.31,5.265,0.595,5.3
CF275,CF275,1987,4016,531,531,12.9,0.04,0.26,0.605,1.1,0.81,0.005,0,2.99,0.145,3.575,0.925,0.02,0,0.095,0.345,0,1.98,0,5.655,4.52,0.44,1.98
CF300,CF300,1987,4205,569,569,16.02,0.02,0.06,1.23,2.375,2.145,0.48,1.175,2.585,0.1,1.105,2.15,0.005,0.01,0.295,1.505,0.03,0.755,0,10.09,3.26,1.83,0.755
CF336,CF336,1987,4129,641,641,376.58,1.83,58.87,3.24,2.39,0.645,0.245,0.12,5.25,4.615,0,11.475,0.025,0,140.58,10.52,0.695,136,0.04,16.505,11.5,151.795,136.04
CF50,CF050,1987,4459,96,96,2.62,0,0.07,0.09,0.215,0.01,0,0,0.25,0.04,0,0.295,0,0,0.67,0.04,0.01,0.925,0,0.605,0.295,0.72,0.925
CF51,CF051,1987,4460,98,98,8.04,0,0.3,0.12,0.41,0.01,0,0,0.475,0.11,0,0.765,0,0,2.82,0.14,0.02,2.87,0,1.125,0.765,2.98,2.87
CF67,CF067,1987,4101,135,135,4899.44,74.24,123.45,64.24,82.595,42.71,22.09,32.04,216.2,66.31,92.4,409.905,1.545,3.715,283.03,782.1,37.7,2562.56,2.125,526.185,503.85,1102.83,2564.685
CF92,CF092,1987,4214,189,189,1072.23,6.67,4.68,13.325,15.26,7.755,4.015,3.03,41.9,10.465,10.7,102.915,0.25,0.2,20.075,225.1,10.3,595.485,0,95.75,113.865,255.475,595.485
CF93,CF093,1987,4204,191,191,77.56,1.69,0.25,3.57,6.53,3.405,1.67,1.455,14.3,1.04,7.78,12.305,0.155,0.1,2.92,10.925,0.205,9.255,0,31.97,20.24,14.05,9.255
CF94,CF094,1987,4212,193,193,628.17,4.05,1.35,10.78,14.13,7.515,3.845,3.03,39.5,7.23,10.7,93.23,0.195,0.145,12.5,165.015,6.73,248.155,0,86.03,104.125,184.245,248.155
CF95,CF095,1987,4208,195,195,235.26,2.59,0.48,7.97,11.615,6.57,3.325,2.71,29.965,2.775,10.685,56.22,0.17,0.135,7.085,55.53,1.51,35.9,0,64.93,67.075,64.125,35.9
CF96,CF096,1987,4209,197,197,265.69,2.69,0.53,8.73,12.72,7.035,3.425,2.975,34.59,3.25,10.7,68.855,0.18,0.145,7.405,59.125,1.565,41.745,0,72.725,79.735,68.095,41.745
CF97,CF097,1987,4210,199,199,354.46,3.29,0.87,9.76,13.24,7.195,3.51,2.975,36.07,4.52,10.7,78.745,0.18,0.145,8.895,86.92,2.815,84.59,0,77.27,89.625,98.63,84.59
CF99,CF099,1987,4213,203,203,1174.17,7.33,5.51,15.05,16.41,8.255,4.215,3.03,46.42,11.695,10.7,114.615,0.275,0.205,21.8,235.225,10.88,662.42,0,105.075,125.59,267.905,662.42
CF112,CF112,1988,4744,229,229,180.22,0.69,20.69,3.362,1.716,0.338,0.376,0,2.264,2.066,0,3.136,0,0,82.514,0.458,0.25,62.34,0,10.122,3.136,83.222,62.34
CF126,CF126,1988,4706,257,257,12.17,0.01,0.02,0.536,0.982,0.426,0.1,0.26,3.75,0.206,0.01,3.746,0.01,0.01,0.15,0.636,0,1.308,0,6.26,3.766,0.786,1.308
CF127,CF127,1988,4705,259,259,10.96,0.01,0.02,0.536,0.976,0.394,0.1,0.26,3.566,0.1,0.01,3.374,0.01,0.01,0.13,0.49,0,0.972,0,5.932,3.394,0.62,0.972
CF136,CF136,1988,4624,273,273,1080.02,17.1,6.44,20.068,30.326,9.142,8.362,16.108,81.31,17.106,17.832,135.66,0.226,0.2,26.442,305.886,13.97,373.734,0,182.422,153.718,346.298,373.734
CF141,CF141,1988,4625,283,283,1294.42,18.38,6.91,20.896,30.636,9.152,8.48,16.108,81.576,18.984,17.832,147.772,0.226,0.2,28.792,360.594,17.448,509.35,0.94,185.832,165.83,406.834,510.29
CF146,CF146,1988,4767,289,289,17.05,0.05,0.17,0.13,0.03,0.02,0,0,0.034,0.226,0,0.188,0,0,3.07,1.018,0.08,12.034,0,0.44,0.188,4.168,12.034
CF217,CF217,1988,4621,417,417,345.27,4.55,17.58,2.512,2.018,3.292,2.35,0.156,4.498,5.498,2.006,17.36,0.2,0.14,24.108,12.452,0.432,246.074,0,20.324,19.566,36.992,246.074
CF218,CF218,1988,4786,419,419,111.97,1.72,6.51,1.488,1.57,0.21,2.168,0.156,3.852,2.186,0.088,10.502,0.034,0,7.634,4.002,0.156,69.668,0,11.63,10.624,11.792,69.668
CF236,CF236,1988,4587,455,455,40.65,0.37,0.01,0.502,1.35,0.046,0.24,1.388,1.89,0.562,1.724,12.912,0.03,0.05,0.324,4.446,0.318,14.474,0,5.978,14.666,5.088,14.474
CF237,CF237,1988,4588,457,457,41.64,0.38,0.01,0.572,1.464,0.078,0.452,1.388,2.066,0.576,1.878,13.04,0.03,0.05,0.324,4.446,0.318,14.566,0,6.596,14.948,5.088,14.566
CF24,CF024,1988,4742,44,44,1265.84,8.24,185.74,12.798,6.13,1.374,1.048,0.12,9.364,12.142,0,18.352,0.034,0,450.15,13.562,2.38,543.766,0.5,42.976,18.386,466.092,544.266
CF241,CF241,1988,4549,465,465,7.57,0.05,0,0.07,0.01,0,0.066,0,0.006,0.09,0,0,0,0,0.096,2.37,0.14,4.662,0,0.242,0,2.606,4.662
CF246,CF246,1988,4773,475,475,15.52,0.02,0,1.12,3.98,0.47,1.42,3.48,4.656,0.22,0.174,0,0,0,0,0,0,0,0,15.346,0.174,0,0
CF25,CF025,1988,4605,46,46,677.29,2.33,73.46,8.916,3.47,0.686,0.668,0,3.916,6.572,0,5.264,0.004,0,274.37,2.572,1.024,293.966,0,24.228,5.268,277.966,293.966
CF251,CF251,1988,4774,485,485,37.17,0.14,0.01,1.95,6.858,1.432,1.816,5.704,12.456,0.496,2.484,1.828,0.044,0.004,0.15,1.284,0.02,0.472,0,30.712,4.356,1.454,0.472
CF299,CF299,1988,4700,567,567,15,0.01,0.04,1.106,2.378,2.076,0.48,1.184,2.482,0.09,1.102,1.84,0,0.01,0.248,1.306,0.03,0.61,0,9.796,2.942,1.584,0.61
CF300,CF300,1988,4701,569,569,16.02,0.02,0.06,1.232,2.382,2.152,0.48,1.184,2.578,0.1,1.102,2.15,0.004,0.01,0.278,1.506,0.03,0.756,0,10.108,3.256,1.814,0.756
CF309,CF309,1988,4601,587,587,294.56,2.18,16.3,2.838,5.344,7.53,1.104,4.298,23.516,3.324,17.936,26.906,0.08,0.03,26.13,4.396,0.08,152.53,0.02,47.954,44.922,30.606,152.55
CF311,CF311,1988,4604,591,591,68.54,0.11,7.27,0.196,0.07,0.018,0.058,0,0.12,0.47,0,0.14,0,0,21.896,0.432,0.116,37.62,0,0.932,0.14,22.444,37.62
CF324,CF324,1988,4715,617,617,33.95,0.05,0.1,3.058,6.636,1.944,1.498,5.95,8.574,0.362,2.054,1.756,0,0,0.28,1.12,0.02,0.536,0,28.022,3.81,1.42,0.536
CF326,CF326,1988,4714,621,621,39.43,0.07,0.16,3.288,7.01,2.02,1.504,5.966,9.428,0.432,2.424,3.412,0,0,0.444,2.316,0.06,0.908,0,29.648,5.836,2.82,0.908
CF330,CF330,1988,4550,629,629,45,0.21,0.28,0.59,0.186,0.09,0,0,0.206,0.754,0,0.346,0,0,0.868,16.708,0.676,24.076,0,1.826,0.346,18.252,24.076
CF358,CF358,1988,4785,685,685,63.46,0.94,1.11,0.828,0.99,0.45,0.418,0.012,3.258,1.318,0,11.468,0.03,0.206,7.356,8.11,0.208,26.754,0,7.274,11.498,15.674,26.754
CF359,CF359,1988,4622,687,687,216.94,2.63,10.5,1.446,1.28,0.508,0.682,0.012,3.566,5.162,0,13.696,0.24,1.222,33.044,19.798,0.54,122.6,0,12.656,13.936,53.382,122.6
CF382,CF382,1988,4551,697,697,2.25,0.02,0,0,0,0,0,0,0,0.02,0,0,0,0,0.032,0.932,0.04,1.196,0,0.02,0,1.004,1.196
CF69,CF069,1988,4602,141,141,5212.12,80.56,214.08,66.382,84.572,43.342,22.572,33.436,219.716,66.068,91.172,429.074,1.538,3.726,319.978,784.164,38.352,2709.802,3.06,536.088,521.784,1142.494,2712.862
CF71,CF071,1988,4620,147,147,3470.33,57.32,30.08,48.644,62.884,22.006,16.144,25.5,164.574,41.846,47.954,336.65,0.738,0.856,79.55,720.194,35.226,1778.326,1.49,381.598,385.342,834.97,1779.816
CF77,CF077,1988,4614,159,159,2.2,0.02,0,0.226,0.03,0.02,0,0,0.2,0.05,0,0.13,0,0,0.018,0.576,0.03,0.904,0,0.526,0.13,0.624,0.904
CF93,CF093,1988,4698,191,191,77.56,1.69,0.25,3.582,6.632,3.44,1.682,1.468,14.556,0.974,7.688,12.942,0.152,0.098,2.784,10.85,0.198,8.57,0,32.334,20.782,13.832,8.57
CF94,CF094,1988,4708,193,193,628.17,4.05,1.35,10.822,14.28,7.594,3.898,3.068,40.096,6.954,10.566,96.64,0.19,0.142,11.6,165.398,6.708,244.74,0,86.712,107.396,183.706,244.74
CF95,CF095,1988,4704,195,195,235.26,2.59,0.48,8,11.756,6.636,3.348,2.748,30.452,2.59,10.552,57.784,0.166,0.132,6.686,55.534,1.496,34.286,0,65.53,68.502,63.716,34.286
CF96,CF096,1988,4707,197,197,265.69,2.69,0.53,8.762,12.862,7.108,3.448,3.014,35.118,3.032,10.566,70.926,0.176,0.142,6.988,59.142,1.548,39.614,0,73.344,81.668,67.678,39.614
CF132,CF132,1989,5051,265,265,607.05,10.83,5.86,12.768,22.854,6.209,6.386,13.615,55.793,9.293,12.84,73.609,0.076,0.076,15.179,168.343,6.449,186.799,0,126.918,86.525,189.971,186.799
CF136,CF136,1989,5052,273,273,1080.02,17.1,6.44,20.206,30.502,9.279,8.449,16.611,81.835,16.592,17.629,140.38,0.227,0.195,25.364,305.757,13.93,369.418,0,183.474,158.236,345.051,369.418
CF20,CF020,1989,4821,36,36,241.27,3.12,0.42,3.819,2.985,1.189,1.026,0.285,11.728,3.697,1.676,36.109,0.144,0.112,5.585,76.437,3.591,89.324,0,24.729,37.929,85.613,89.324
CF20,CF020,1989,4921,36,36,241.27,3.12,0.42,3.819,2.985,1.189,1.026,0.285,11.728,3.697,1.676,36.109,0.144,0.112,5.585,76.437,3.591,89.324,0,24.729,37.929,85.613,89.324
CF20,CF020,1989,4922,36,36,241.27,3.12,0.42,3.819,2.985,1.189,1.026,0.285,11.728,3.697,1.676,36.109,0.144,0.112,5.585,76.437,3.591,89.324,0,24.729,37.929,85.613,89.324
CF20,CF020,1989,5082,36,36,241.27,3.12,0.42,3.819,2.985,1.189,1.026,0.285,11.728,3.697,1.676,36.109,0.144,0.112,5.585,76.437,3.591,89.324,0,24.729,37.929,85.613,89.324
CF20,CF020,1989,5057,36,36,241.27,3.12,0.42,3.819,2.985,1.189,1.026,0.285,11.728,3.697,1.676,36.109,0.144,0.112,5.585,76.437,3.591,89.324,0,24.729,37.929,85.613,89.324
CF20,CF020,1989,5081,36,36,241.27,3.12,0.42,3.819,2.985,1.189,1.026,0.285,11.728,3.697,1.676,36.109,0.144,0.112,5.585,76.437,3.591,89.324,0,24.729,37.929,85.613,89.324
CF212,CF212,1989,5004,407,407,8.22,0.01,0.02,0.23,0.62,0.16,0.223,0,1.634,0.09,0,2.212,0,0,0.025,1.187,0.05,1.759,0,2.957,2.212,1.262,1.759
CF216,CF216,1989,5003,415,415,7.65,0.01,0.02,0.12,0.56,0.15,0.223,0,1.494,0.073,0,2.112,0,0,0.025,1.157,0.05,1.656,0,2.62,2.112,1.232,1.656
CF241,CF241,1989,4932,465,465,7.57,0.05,0,0.07,0.01,0,0.077,0,0.007,0.09,0,0,0,0,0.082,2.37,0.14,4.664,0,0.254,0,2.592,4.664
CF259,CF259,1989,5055,501,501,606.98,1.58,87.08,3.402,1.52,0.542,0.336,0,1.927,4.891,0,2.281,0.086,0,257.779,2.309,0.784,242.403,0,12.618,2.367,260.872,242.403
CF259,CF259,1989,5054,501,501,606.98,1.58,87.08,3.402,1.52,0.542,0.336,0,1.927,4.891,0,2.281,0.086,0,257.779,2.309,0.784,242.403,0,12.618,2.367,260.872,242.403
CF259,CF259,1989,5151,501,501,606.98,1.58,87.08,3.402,1.52,0.542,0.336,0,1.927,4.891,0,2.281,0.086,0,257.779,2.309,0.784,242.403,0,12.618,2.367,260.872,242.403
CF259,CF259,1989,5152,501,501,606.98,1.58,87.08,3.402,1.52,0.542,0.336,0,1.927,4.891,0,2.281,0.086,0,257.779,2.309,0.784,242.403,0,12.618,2.367,260.872,242.403
CF294,CF294,1989,5053,561,561,254.89,5.68,1.44,8.438,17.823,4.9,5.243,12.555,39.894,4.497,8.306,36.172,0.043,0.043,5.707,50.498,1.615,52.013,0,93.35,44.521,57.82,52.013
CF319,CF319,1989,5006,607,607,134.15,0.61,0.31,2.022,1.224,0.375,0.226,0.007,2.848,1.16,0.014,6.455,0.03,0.04,1.263,44.323,2.413,70.837,0,7.862,6.499,47.999,70.837
CF320,CF320,1989,5005,609,609,95.28,0.53,0.23,1.672,1.184,0.348,0.226,0.007,2.841,0.89,0.014,6.335,0.003,0.02,1.083,35.034,1.783,43.073,0,7.168,6.352,37.9,43.073
CF322,CF322,1989,5002,613,613,69.42,0.47,0.16,1.158,0.544,0.178,0.01,0.007,1.164,0.71,0.014,3.823,0,0.02,0.933,27.809,1.343,31.081,0,3.771,3.837,30.085,31.081
CF330,CF330,1989,4933,629,629,45,0.21,0.28,0.59,0.187,0.09,0,0,0.207,0.753,0,0.347,0,0,0.771,16.786,0.677,24.092,0,1.827,0.347,18.234,24.092
CF363,CF363,1989,4803,689,689,3.07,0,0.06,0,0.017,0.084,0,0.217,1.067,0,0.393,0.32,0,0,0.2,0.043,0,0.663,0,1.385,0.713,0.243,0.663
CF91,CF091,1989,4995,187,187,800.73,4.79,1.74,12.759,14.984,7.864,3.958,3.106,41.863,8.321,10.432,103.989,0.192,0.149,13.817,192.724,8.487,371.472,0,92.855,114.613,215.028,371.472
CF97,CF097,1989,4996,199,199,354.46,3.29,0.87,9.828,13.528,7.345,3.578,3.053,37.21,4.012,10.432,84.471,0.172,0.139,7.749,87.168,2.769,78.806,0,78.554,95.075,97.686,78.806
CF117,CF117,1990,5458,239,239,11.98,0.04,0.73,0.186,0.05,0.02,0.09,0,0.07,0.158,0,0.25,0.01,0,4.634,0.04,0.01,5.686,0,0.574,0.26,4.684,5.686
CF122,CF122,1990,5459,249,249,8.76,0.01,0.91,0,0,0,0,0,0,0.07,0,0,0,0,4.588,0.068,0.01,3.104,0,0.07,0,4.666,3.104
CF126,CF126,1990,5177,257,257,12.17,0.01,0.02,0.538,0.986,0.438,0.1,0.26,3.78,0.188,0.01,3.798,0.01,0.01,0.14,0.638,0,1.234,0,6.29,3.818,0.778,1.234
CF127,CF127,1990,5176,259,259,10.96,0.01,0.02,0.538,0.978,0.402,0.1,0.26,3.578,0.1,0.01,3.362,0.01,0.01,0.12,0.49,0,0.966,0,5.956,3.382,0.61,0.966
CF133,CF133,1990,5335,267,267,188.06,2.81,4.21,3.102,1.848,0.484,0.486,0,5.814,2.558,0,24.102,0.01,0.012,4.638,66.462,2.612,68.886,0,14.292,24.112,73.712,68.886
CF136,CF136,1990,5334,273,273,1080.02,17.1,6.44,20.344,30.678,9.416,8.536,17.114,82.36,16.078,17.426,145.1,0.228,0.19,24.286,305.628,13.89,365.102,0,184.526,162.754,343.804,365.102
CF141,CF141,1990,5382,283,283,1294.42,18.38,6.91,21.178,30.988,9.426,8.69,17.114,82.678,17.912,17.426,159.526,0.228,0.19,26.316,360.482,17.374,498.52,0.94,187.986,177.18,404.172,499.46
CF149,CF149,1990,5457,295,295,9.1,0.06,0.87,0,0,0,0,0,0,0.12,0,0,0,0,5.338,0,0.01,2.7,0,0.12,0,5.348,2.7
CF217,CF217,1990,5342,417,417,345.27,4.55,17.58,2.536,2.064,3.316,2.49,0.158,4.764,5.394,2.008,18.79,0.2,0.14,23.564,12.526,0.436,244.712,0,20.722,20.998,36.526,244.712
CF236,CF236,1990,5488,455,455,40.65,0.37,0.01,0.506,1.36,0.048,0.24,1.614,1.74,0.516,1.712,14.166,0.03,0.05,0.292,4.458,0.314,13.212,0,6.024,15.908,5.064,13.212
CF237,CF237,1990,5487,457,457,41.64,0.38,0.01,0.576,1.482,0.084,0.456,1.614,1.918,0.528,1.854,14.31,0.03,0.05,0.292,4.458,0.314,13.288,0,6.658,16.194,5.064,13.288
CF24,CF024,1990,5419,44,44,1265.84,8.24,185.74,12.894,6.23,1.432,1.154,0.12,9.692,11.856,0,21.016,0.032,0,449.48,13.476,2.37,541.468,0.5,43.378,21.048,465.326,541.968
CF240,CF240,1990,5333,463,463,45.99,0.4,0.57,0.576,1.5,0.084,0.468,1.614,2.114,0.566,1.862,15.992,0.03,0.05,0.336,4.76,0.316,14.756,0,6.922,17.884,5.412,14.756
CF264,CF264,1990,5326,511,511,1497.08,6.18,388.43,8.976,3.522,1.322,0.926,0.01,4.182,9.41,0.01,8.688,0.356,1.872,386.554,4.532,2.128,669.51,0.33,28.348,9.054,393.214,669.84
CF288,CF288,1990,5385,549,549,3.34,0.03,0,0.168,0.038,0,0,0,0.358,0.04,0.04,1.24,0,0,0.084,1.068,0.03,0.252,0,0.604,1.28,1.182,0.252
CF304,CF304,1990,5489,577,577,10.95,0.06,0,0.298,0.21,0.01,0,0,0.36,0.19,0,1.2,0,0,0.024,1.006,0.07,7.512,0,1.068,1.2,1.1,7.512
CF305,CF305,1990,5490,579,579,10.07,0.06,0,0.278,0.17,0,0,0,0.29,0.19,0,0.73,0,0,0.024,0.946,0.07,7.302,0,0.928,0.73,1.04,7.302
CF321,CF321,1990,5321,611,611,237.35,0.95,0.6,2.672,1.356,0.38,0.234,0.008,2.862,1.75,0.016,6.62,0.03,0.04,1.542,67.592,3.96,146.718,0,9.262,6.666,73.094,146.718
CF376,CF376,1990,5491,695,695,4.28,0.02,0.01,0.19,0.416,0.036,0.066,0,1.036,0.064,0,0.95,0,0,0.45,0.206,0.01,0.836,0,1.808,0.95,0.666,0.836
CF69,CF069,1990,5418,141,141,5212.12,80.56,214.08,67.066,86.216,44.416,23.326,36.228,224.288,63.434,88.716,462.522,1.514,3.728,309.534,785.782,38.246,2678.876,3.06,544.974,552.752,1133.562,2681.936
CF71,CF071,1990,5344,147,147,3470.33,57.32,30.08,49.152,64.092,22.778,16.552,27.29,168.452,39.758,46.062,364.21,0.724,0.828,73.2,721.782,35.108,1751.108,1.49,388.074,410.996,830.09,1752.598
CF11,CF011,1991,5694,18,18,39.42,0.11,0.22,0.349,0.09,0,0,0,0,0.35,0,0.01,0,0,0.269,13.245,0.88,23.878,0,0.789,0.01,14.394,23.878
CF12,CF012,1991,5687,20,20,32.24,0.1,0.22,0.209,0.07,0,0,0,0,0.3,0,0.01,0,0,0.244,10.869,0.669,19.529,0,0.579,0.01,11.782,19.529
CF122,CF122,1991,5675,249,249,8.76,0.01,0.91,0,0,0,0,0,0,0.07,0,0,0,0,4.594,0.069,0.01,3.097,0,0.07,0,4.673,3.097
CF149,CF149,1991,5726,295,295,9.1,0.06,0.87,0,0,0,0,0,0,0.12,0,0,0,0,5.344,0,0.01,2.695,0,0.12,0,5.354,2.695
CF24,CF024,1991,5674,44,44,1265.84,8.24,185.74,12.942,6.28,1.461,1.207,0.12,9.856,11.713,0,22.348,0.031,0,449.145,13.433,2.365,540.319,0.5,43.579,22.379,464.943,540.819
CF366,CF366,1991,5688,691,691,2.5,0,0,0.02,0,0,0,0,0,0.07,0,0,0,0,0.001,0.17,0.01,2.229,0,0.09,0,0.181,2.229
CF122,CF122,1992,6023,249,249,8.76,0.01,0.91,0,0,0,0,0,0,0.07,0,0,0,0,4.6,0.07,0.01,3.09,0,0.07,0,4.68,3.09
CF149,CF149,1992,6022,295,295,9.1,0.06,0.87,0,0,0,0,0,0,0.12,0,0,0,0,5.35,0,0.01,2.69,0,0.12,0,5.36,2.69
CF198,CF198,1992,5760,379,379,5.29,0,0,0.09,0.7,0.16,0.25,0,2.54,0.01,0,1.13,0,0,0.02,0.25,0.01,0.15,0,3.75,1.13,0.28,0.15
CF199,CF199,1992,5759,381,381,5.23,0,0,0.09,0.7,0.14,0.25,0,2.54,0.01,0,1.08,0,0,0.02,0.24,0.01,0.15,0,3.73,1.08,0.27,0.15
CF369,CF369,1992,6026,693,693,4.43,0.01,0,0.71,0.55,0.86,0,0,0.07,0.01,0.3,0.63,0.02,0,0.21,0.56,0,0.51,0,2.2,0.95,0.77,0.51
CF54,CF054,1992,6020,104,104,23.53,0.1,0.05,1.05,0.17,0.1,0,0,0.58,0.37,0,0.78,0.01,0,0.52,2.61,0.14,17.06,0,2.27,0.79,3.27,17.06
CF55,CF055,1992,6021,106,106,46.99,0.24,0.13,1.23,0.2,0.1,0,0,0.58,0.46,0,0.78,0.01,0,1.74,4.23,0.26,37.05,0,2.57,0.79,6.23,37.05
CF62,CF062,1992,6010,120,120,4897.75,74.2,123.22,65.79,86.67,45.33,23.97,39.02,227.62,59.71,86.26,493.55,1.48,3.72,257.27,786.62,37.42,2483.29,2.12,548.11,581.29,1081.31,2485.41
CF67,CF067,1992,6011,135,135,4899.44,74.24,123.45,65.87,86.68,45.39,23.97,39.02,227.62,59.72,86.26,493.55,1.48,3.72,257.57,786.63,37.42,2484.24,2.12,548.27,581.29,1081.62,2486.36
CF76,CF076,1992,6018,157,157,7.1,0.04,0,0.56,0.1,0.06,0,0,0.45,0.09,0,0.65,0.01,0,0.07,1.43,0.06,3.57,0,1.26,0.66,1.56,3.57
CF77,CF077,1992,6017,159,159,2.2,0.02,0,0.23,0.03,0.02,0,0,0.2,0.05,0,0.13,0,0,0.01,0.58,0.03,0.9,0,0.53,0.13,0.62,0.9
CF108,CF108,1993,6177,221,221,61.42,0.22,5.64,0.871,0.171,0.031,0.01,0,0.221,0.52,0,0.16,0,0,35.885,0.191,0.06,17.431,0,1.824,0.16,36.136,17.431
CF109,CF109,1993,6178,223,223,37.04,0.1,3.26,0.251,0.04,0,0,0,0,0.26,0,0,0,0,21.591,0.14,0.04,11.348,0,0.551,0,21.771,11.348
CF111,CF111,1993,6176,227,227,53.49,0.17,4.75,0.691,0.14,0.02,0.01,0,0.12,0.43,0,0.08,0,0,31.183,0.17,0.05,15.676,0,1.411,0.08,31.403,15.676
CF112,CF112,1993,6368,229,229,180.22,0.69,20.69,3.442,1.832,0.351,0.38,0,2.315,2.05,0,3.324,0,0,82.43,0.433,0.249,62.014,0,10.37,3.324,83.112,62.014
CF119,CF119,1993,6157,243,243,3.28,0,0.01,0,0,0,0,0,0,0.01,0,0,0,0,0,0.04,0.01,3.22,0,0.01,0,0.05,3.22
CF122,CF122,1993,6407,249,249,8.76,0.01,0.91,0,0,0,0,0,0,0.07,0,0,0,0,4.598,0.07,0.01,3.092,0,0.07,0,4.678,3.092
CF132,CF132,1993,6233,265,265,607.05,10.83,5.86,13.221,23.343,6.435,6.553,15.69,56.163,8.378,12.302,82.405,0.068,0.069,12.532,168.356,6.409,178.356,0,129.783,94.775,187.297,178.356
CF133,CF133,1993,6239,267,267,188.06,2.81,4.21,3.13,1.873,0.495,0.5,0,6.053,2.338,0,26.978,0.01,0.009,4.264,66.611,2.586,66.162,0,14.389,26.988,73.461,66.162
CF136,CF136,1993,6318,273,273,1080.02,17.1,6.44,20.77,31.254,9.789,8.762,19.082,83.476,14.555,16.887,161.358,0.216,0.176,20.589,305.798,13.814,349.855,0,187.688,178.461,340.201,349.855
CF139,CF139,1993,6250,279,279,79.46,0.69,2.68,1.052,0.435,0.064,0.23,0,1.466,0.941,0,12.702,0,0,1.439,27.22,1.168,29.372,0,4.188,12.702,29.827,29.372
CF141,CF141,1993,6319,283,283,1294.42,18.38,6.91,21.653,31.564,9.799,8.952,19.082,83.891,16.307,16.887,179.97,0.216,0.176,22.192,360.84,17.305,479.217,0.94,191.248,197.073,400.337,480.157
CF149,CF149,1993,6405,295,295,9.1,0.06,0.87,0,0.001,0,0,0,0,0.12,0,0,0,0,5.35,0,0.01,2.69,0,0.121,0,5.36,2.69
CF175,CF175,1993,6439,337,337,15.74,0.01,5.98,0.124,0,0.14,0,0,0,0.02,0,0.05,0,0,0.188,0.039,0,9.189,0,0.284,0.05,0.227,9.189
CF175,CF175,1993,6167,337,337,15.74,0.01,5.98,0.124,0,0.14,0,0,0,0.02,0,0.05,0,0,0.188,0.039,0,9.189,0,0.284,0.05,0.227,9.189
CF175,CF175,1993,6326,337,337,15.74,0.01,5.98,0.124,0,0.14,0,0,0,0.02,0,0.05,0,0,0.188,0.039,0,9.189,0,0.284,0.05,0.227,9.189
CF175,CF175,1993,6107,337,337,15.74,0.01,5.98,0.124,0,0.14,0,0,0,0.02,0,0.05,0,0,0.188,0.039,0,9.189,0,0.284,0.05,0.227,9.189
CF177,CF177,1993,6121,341,341,15.38,0.08,0.18,0.324,0.542,0.06,0.081,0.001,1.789,0.233,0,3.724,0,0,3.265,0.695,0.039,4.357,0,3.03,3.724,3.999,4.357
CF187,CF187,1993,6082,359,359,42.24,0.37,0.1,1.374,0.604,0.288,0.36,0,5.004,0.231,0.161,16.248,0,0.039,0.754,10.874,0.403,5.43,0,7.861,16.409,12.031,5.43
CF194,CF194,1993,6099,371,371,7.17,0.05,0.01,0,0.01,0.02,0,0,0.428,0.063,0,1.99,0,0,0.124,3.323,0.111,1.014,0,0.521,1.99,3.558,1.014
CF2,CF002,1993,6443,4,4,39.52,0.21,16.93,0,0.02,0,0,0,0,0.09,0,0,0,0.03,6.011,0.131,0.07,15.808,0.22,0.11,0,6.212,16.028
CF2,CF002,1993,6165,4,4,39.52,0.21,16.93,0,0.02,0,0,0,0,0.09,0,0,0,0.03,6.011,0.131,0.07,15.808,0.22,0.11,0,6.212,16.028
CF2,CF002,1993,6325,4,4,39.52,0.21,16.93,0,0.02,0,0,0,0,0.09,0,0,0,0.03,6.011,0.131,0.07,15.808,0.22,0.11,0,6.212,16.028
CF2,CF002,1993,6108,4,4,39.52,0.21,16.93,0,0.02,0,0,0,0,0.09,0,0,0,0.03,6.011,0.131,0.07,15.808,0.22,0.11,0,6.212,16.028
CF2,CF002,1993,6442,4,4,39.52,0.21,16.93,0,0.02,0,0,0,0,0.09,0,0,0,0.03,6.011,0.131,0.07,15.808,0.22,0.11,0,6.212,16.028
CF201,CF201,1993,6243,385,385,12.03,0.06,0.09,0.424,0.809,0.341,0.25,0,2.815,0.146,0,2.719,0,0,0.102,2.182,0.089,2.004,0,4.785,2.719,2.373,2.004
CF207,CF207,1993,6086,397,397,18.74,0.12,0.1,0.3,1.392,0.11,0.251,0.85,6.027,0.253,2.803,3.321,0,0,0.045,0.594,0.02,2.546,0,9.183,6.124,0.659,2.546
CF209,CF209,1993,6323,401,401,86.11,0.08,8.51,0.553,0.061,0,0,0,0.001,0.4,0,0.063,0,0,6.581,0.156,0.14,69.537,0,1.015,0.063,6.877,69.537
CF217,CF217,1993,6349,417,417,345.27,4.55,17.58,2.608,2.158,3.366,2.683,0.161,5.434,5.174,2.012,23.677,0.198,0.14,22.861,12.609,0.433,239.584,0,21.584,25.887,35.903,239.584
CF218,CF218,1993,6351,419,419,111.97,1.72,6.51,1.543,1.696,0.211,2.433,0.161,4.531,1.991,0.104,12.438,0.029,0,7.132,4.014,0.158,67.271,0,12.566,12.571,11.304,67.271
CF219,CF219,1993,6347,421,421,455.7,5.63,21.72,3.126,3.103,8.536,3.251,0.284,8.988,8.398,8.038,33.291,0.208,0.202,32.523,16.978,0.584,300.252,0.53,35.686,41.537,50.085,300.782
CF226,CF226,1993,6332,435,435,97.24,0.82,1.82,0.322,0.453,0.01,0,0,1.292,0.503,0,4.323,0,0,1.935,4.752,0.288,80.704,0,2.58,4.323,6.975,80.704
CF228,CF228,1993,6164,439,439,35.79,0.02,20.59,0,0.02,0,0.02,0,0,0.02,0,0,0,0,0.849,0.02,0.03,14.23,0,0.06,0,0.899,14.23
CF228,CF228,1993,6109,439,439,35.79,0.02,20.59,0,0.02,0,0.02,0,0,0.02,0,0,0,0,0.849,0.02,0.03,14.23,0,0.06,0,0.899,14.23
CF228,CF228,1993,6440,439,439,35.79,0.02,20.59,0,0.02,0,0.02,0,0,0.02,0,0,0,0,0.849,0.02,0.03,14.23,0,0.06,0,0.899,14.23
CF228,CF228,1993,6445,439,439,35.79,0.02,20.59,0,0.02,0,0.02,0,0,0.02,0,0,0,0,0.849,0.02,0.03,14.23,0,0.06,0,0.899,14.23
CF23,CF023,1993,6111,42,42,31.21,0.03,0.19,0.164,0.07,0,0,0,0,0.25,0,0,0,0,0.563,2.526,0.04,27.367,0,0.484,0,3.129,27.367
CF230,CF230,1993,6330,443,443,17.45,0.14,0.08,0.171,0.03,0,0,0,0,0.051,0,0,0,0,1.189,1.132,0.08,14.569,0,0.252,0,2.401,14.569
CF230,CF230,1993,6103,443,443,17.45,0.14,0.08,0.171,0.03,0,0,0,0,0.051,0,0,0,0,1.189,1.132,0.08,14.569,0,0.252,0,2.401,14.569
CF237,CF237,1993,6085,457,457,41.64,0.38,0.01,0.591,1.514,0.09,0.469,1.871,1.838,0.44,1.82,16.396,0.031,0.049,0.242,4.479,0.304,11.123,0,6.813,18.247,5.025,11.123
CF238,CF238,1993,6088,459,459,38.67,0.37,0.01,0.411,0.613,0.05,0.024,1.837,1.461,0.43,1.144,16.211,0.031,0.049,0.233,4.459,0.304,11.033,0,4.826,17.386,4.996,11.033
CF239,CF239,1993,6316,461,461,8.26,0.04,0,0,0.01,0,0,0,0.067,0.154,0.03,1.894,0,0.001,0.046,1.563,0.107,4.348,0,0.231,1.924,1.716,4.348
CF239,CF239,1993,6089,461,461,8.26,0.04,0,0,0.01,0,0,0,0.067,0.154,0.03,1.894,0,0.001,0.046,1.563,0.107,4.348,0,0.231,1.924,1.716,4.348
CF24,CF024,1993,6300,44,44,1265.84,8.24,185.74,13.024,6.352,1.496,1.263,0.12,10.2,11.456,0,25.454,0.03,0,448.53,13.355,2.357,537.586,0.5,43.911,25.484,464.242,538.086
CF240,CF240,1993,6314,463,463,45.99,0.4,0.57,0.591,1.534,0.09,0.48,1.886,2.055,0.47,1.847,18.365,0.031,0.049,0.28,4.779,0.304,12.266,0,7.106,20.243,5.363,12.266
CF25,CF025,1993,6370,46,46,677.29,2.33,73.46,9.088,3.624,0.733,0.741,0,3.992,6.56,0,5.485,0,0,274.932,2.48,1.017,292.769,0,24.738,5.485,278.429,292.769
CF251,CF251,1993,6242,485,485,37.17,0.14,0.01,1.951,6.897,1.462,1.82,6.242,12.009,0.5,2.389,1.82,0.04,0,0.122,1.281,0.02,0.441,0,30.881,4.249,1.423,0.441
CF257,CF257,1993,6377,497,497,117.94,0.2,16.34,0.2,0.44,0.26,0.04,0,0.77,1.299,0.001,0.158,0.009,0,59.372,0.395,0.13,38.344,0,3.009,0.168,59.897,38.344
CF258,CF258,1993,6184,499,499,23.74,0.04,1.82,0.2,0.34,0.22,0.04,0,0.77,0.34,0.001,0.158,0.009,0,13.222,0.088,0.02,6.481,0,1.91,0.168,13.33,6.481
CF259,CF259,1993,6373,501,501,606.98,1.59,87.08,3.49,1.551,0.591,0.451,0,1.932,4.9,0.001,2.271,0.08,0,258.805,2.213,0.765,241.202,0,12.915,2.352,261.783,241.202
CF262,CF262,1993,6171,507,507,10.17,0,0.34,0.2,0.32,0.21,0.04,0,0.77,0.19,0.001,0.157,0.009,0,6.063,0.039,0.01,1.839,0,1.73,0.167,6.112,1.839
CF263,CF263,1993,6174,509,509,48.94,0.06,5.4,0.2,0.35,0.22,0.04,0,0.77,0.61,0.001,0.158,0.009,0,26.255,0.167,0.04,14.65,0,2.19,0.168,26.462,14.65
CF264,CF264,1993,6320,511,511,1497.08,6.189,388.43,9.106,3.552,1.421,1.082,0.01,4.214,9.404,0.011,9.585,0.35,1.891,387.192,4.305,2.111,667.756,0.33,28.789,9.946,393.608,668.086
CF270,CF270,1993,6120,521,521,31.31,0.06,0.24,0.381,0.143,0.041,0.03,0,0.697,0.315,0.219,9.638,0,0,0.145,2.973,0.255,16.172,0,1.607,9.857,3.373,16.172
CF274,CF274,1993,6076,529,529,21.22,0.12,0.59,1.365,2.533,1.954,0.05,0.003,4.226,0.437,3.551,0.962,0.039,0.039,0.082,0.431,0,4.829,0,10.568,4.552,0.513,4.829
CF275,CF275,1993,6075,531,531,12.9,0.04,0.26,0.622,1.334,0.923,0.01,0.002,3.46,0.162,2.988,0.845,0.009,0,0.063,0.341,0,1.841,0,6.513,3.842,0.404,1.841
CF276,CF276,1993,6315,533,533,35.1,0.2,1.48,1.476,2.782,2.127,0.086,0.003,4.632,0.726,3.689,2.071,0.049,0.039,0.221,1.229,0.02,14.272,0,11.832,5.809,1.47,14.272
CF277,CF277,1993,6175,535,535,8,0.05,0.56,0.33,0.07,0.02,0.01,0,0.11,0.13,0,0.08,0,0,3.997,0.01,0.01,2.634,0,0.67,0.08,4.017,2.634
CF279,CF279,1993,6339,539,539,3.96,0.01,0.06,0,0.01,0,0,0,0,0.16,0,0,0,0,0.509,0.398,0.03,2.802,0,0.17,0,0.937,2.802
CF294,CF294,1993,6240,561,561,254.89,5.68,1.44,8.849,18.216,5.099,5.376,14.424,39.947,4.032,7.803,39.787,0.04,0.04,4.575,49.986,1.597,47.979,0,95.943,47.63,56.158,47.979
CF300,CF300,1993,6248,569,569,16.02,0.02,0.06,1.243,2.411,2.186,0.48,1.235,2.536,0.1,1.085,2.152,0,0.01,0.197,1.508,0.031,0.765,0,10.191,3.237,1.736,0.765
CF31,CF031,1993,6087,58,58,10.62,0.05,0.04,0.06,0.616,0.07,0.071,0.779,2.194,0.122,0.988,2.542,0,0,0.045,0.515,0.02,2.489,0,3.912,3.53,0.58,2.489
CF310,CF310,1993,6372,589,589,174.69,0.24,24.1,1.825,0.83,0.15,0.14,0.01,1.102,1.18,0.01,3.079,0.02,0,53.572,0.663,0.301,87.43,0,5.237,3.109,54.536,87.43
CF312,CF312,1993,6355,593,593,306.51,2.24,16.98,3.583,6.206,8.067,1.372,5.7,25.607,2.8,18.259,32.696,0.077,0.03,25.716,4.413,0.079,152.645,0.02,53.335,51.032,30.208,152.665
CF315,CF315,1993,6371,599,599,131.27,0.18,19.23,1.113,0.14,0.04,0.14,0.01,0.262,0.729,0,1.156,0,0,39.984,0.507,0.2,67.559,0,2.434,1.156,40.691,67.559
CF317,CF317,1993,6354,603,603,147.72,0.66,9.11,0.82,0.503,1.652,0.271,0,2.42,1.605,0,9.558,0.067,0.02,9.038,1.501,0.029,110.436,0.02,7.271,9.625,10.568,110.456
CF320,CF320,1993,6310,609,609,95.28,0.53,0.23,1.705,1.197,0.363,0.25,0.026,2.881,0.848,0.021,6.93,0,0.02,0.653,35.246,1.781,42.588,0,7.27,6.951,37.68,42.588
CF321,CF321,1993,6309,611,611,237.35,0.95,0.6,2.716,1.367,0.393,0.25,0.026,2.891,1.719,0.021,7.06,0.03,0.04,1.042,67.902,3.96,146.362,0,9.362,7.111,72.904,146.362
CF322,CF322,1993,6312,613,613,69.42,0.47,0.16,1.183,0.553,0.191,0.01,0.01,1.212,0.668,0.02,4.432,0,0.02,0.566,27.979,1.341,30.612,0,3.827,4.452,29.886,30.612
CF324,CF324,1993,6237,617,617,33.95,0.05,0.1,3.099,6.728,1.986,1.512,7.26,7.371,0.37,1.87,1.742,0,0,0.217,1.084,0.021,0.538,0,28.326,3.612,1.322,0.538
CF326,CF326,1993,6236,621,621,39.43,0.07,0.16,3.332,7.099,2.066,1.521,7.28,8.222,0.44,2.24,3.403,0,0,0.369,2.264,0.061,0.922,0,29.96,5.643,2.694,0.922
CF331,CF331,1993,6441,631,631,27.44,0.01,12.27,0,0.02,0,0,0,0,0.1,0,0.006,0,0,1.588,0.06,0.01,13.355,0,0.12,0.006,1.658,13.355
CF331,CF331,1993,6327,631,631,27.44,0.01,12.27,0,0.02,0,0,0,0,0.1,0,0.006,0,0,1.588,0.06,0.01,13.355,0,0.12,0.006,1.658,13.355
CF331,CF331,1993,6127,631,631,27.44,0.01,12.27,0,0.02,0,0,0,0,0.1,0,0.006,0,0,1.588,0.06,0.01,13.355,0,0.12,0.006,1.658,13.355
CF331,CF331,1993,6166,631,631,27.44,0.01,12.27,0,0.02,0,0,0,0,0.1,0,0.006,0,0,1.588,0.06,0.01,13.355,0,0.12,0.006,1.658,13.355
CF336,CF336,1993,6365,641,641,376.58,1.83,58.87,3.283,2.467,0.723,0.322,0.12,6.168,3.795,0,19.699,0.02,0,138.113,10.515,0.67,129.904,0.04,16.878,19.719,149.298,129.944
CF344,CF344,1993,6077,657,657,16.37,0.03,0.54,0.68,1.962,0.331,0.641,3.061,6.411,0.16,2.398,0.018,0,0,0,0.039,0,0.09,0,13.246,2.416,0.039,0.09
CF357,CF357,1993,6336,683,683,144.87,1.34,4.45,1.268,1.284,0.51,0.621,0.02,3.93,3.789,0,16.527,0.03,0.211,17.73,15.726,0.306,77.118,0,11.422,16.557,33.762,77.118
CF358,CF358,1993,6338,685,685,63.46,0.94,1.11,0.857,1.042,0.479,0.481,0.02,3.565,1.064,0,13.841,0.03,0.21,6.855,8.138,0.198,24.628,0,7.508,13.871,15.191,24.628
CF359,CF359,1993,6335,687,687,216.94,2.63,10.5,1.513,1.374,0.55,0.761,0.02,4.127,4.888,0,18.5,0.243,1.26,30.967,20.14,0.539,118.918,0,13.233,18.743,51.646,118.918
CF61,CF061,1993,6321,117,117,5303.35,81.45,233.53,68.956,88.972,45.949,24.388,41.21,232.077,59.447,85.538,527.583,1.464,3.804,305.363,788.117,38.423,2673.479,3.06,560.999,614.585,1131.903,2676.539
CF63,CF063,1993,6322,123,123,5417.2,82.08,250.38,69.799,89.122,46.569,24.527,41.21,232.08,60.144,85.538,527.809,1.805,3.804,314.347,788.331,38.672,2757.401,3.06,563.451,615.152,1141.35,2760.461
CF64,CF064,1993,6329,126,126,5021.85,77.23,162.61,66.871,87.991,45.889,24.288,41.185,230.874,58.363,85.516,524.153,1.464,3.724,268.988,787.49,37.582,2514.751,2.37,555.461,611.133,1094.06,2517.121
CF65,CF065,1993,6345,129,129,3767.07,60.95,43.36,52.753,68.922,24.729,18.262,30.857,180.493,42.883,43.637,439.281,0.948,2.74,120.269,750.12,35.733,1849.263,1.49,418.899,483.866,906.122,1850.753
CF66,CF066,1993,6346,132,132,4398.16,69.57,78.06,59.213,79.648,36.49,22.343,35.474,201.939,53.035,64.837,477.166,1.337,3.594,179.138,777.443,36.787,2219.574,2.07,488.142,543.34,993.368,2221.644
CF68,CF068,1993,6302,138,138,4885.58,73.93,120.43,66.51,87.761,45.776,24.278,41.185,230.814,58.013,85.516,523.634,1.455,3.724,250.484,787.126,37.342,2444.992,2.12,554.337,610.605,1074.952,2447.112
CF69,CF069,1993,6301,141,141,5212.12,80.56,214.08,68.523,88.952,45.94,24.387,41.21,232.032,59.113,85.538,526.084,1.464,3.735,293.665,787.954,38.083,2617.211,3.06,560.157,613.086,1119.702,2620.271
CF71,CF071,1993,6343,147,147,3470.33,57.32,30.08,50.227,66.175,23.879,17.169,30.837,173.755,36.756,43.637,409.437,0.685,0.784,64.101,724.113,34.924,1704.622,1.49,398.798,453.759,823.138,1706.112
CF8,CF008,1993,6331,12,12,137.31,0.49,0.35,1.892,0.363,0.151,0,0,0.851,1.212,0,3.501,0.01,0.009,2.614,17.788,1.125,106.952,0,4.469,3.511,21.527,106.952
CF94,CF094,1993,6304,193,193,628.17,4.05,1.35,11.085,15.155,8.035,4.167,3.574,42.851,5.745,9.789,111.497,0.161,0.126,7.458,166.995,6.607,229.437,0,90.612,121.447,181.06,229.437
CF97,CF097,1993,6306,199,199,354.46,3.29,0.87,10.008,14.224,7.694,3.734,3.524,39.25,3.165,9.789,93.949,0.15,0.126,5.584,87.528,2.691,68.842,0,81.599,103.888,95.803,68.842
CF99,CF099,1993,6340,203,203,1174.17,7.33,5.51,15.441,17.572,8.877,4.556,3.574,50.071,10.135,9.789,134.734,0.24,0.175,15.327,238.233,10.767,641.699,0,110.226,144.763,264.327,641.699
CF115,CF115,1994,6478,235,235,22.12,0.05,1.81,0.262,0.19,0.03,0.13,0,0.162,0.23,0,0.54,0.01,0,8.378,0.048,0.022,10.25,0,1.004,0.55,8.448,10.25
CF116,CF116,1994,6479,237,237,19.95,0.05,1.56,0.26,0.08,0.02,0.112,0,0.072,0.22,0,0.25,0.01,0,7.838,0.048,0.022,9.4,0,0.764,0.26,7.908,9.4
CF122,CF122,1994,6707,249,249,8.76,0.01,0.91,0,0,0,0,0,0,0.07,0,0,0,0,4.596,0.07,0.01,3.094,0,0.07,0,4.676,3.094
CF149,CF149,1994,6708,295,295,9.1,0.06,0.87,0,0.002,0,0,0,0,0.12,0,0,0,0,5.35,0,0.01,2.69,0,0.122,0,5.36,2.69
CF195,CF195,1994,6480,373,373,9.2,0.03,0.68,0.38,0.52,0.08,0,0,0.572,0.142,0.01,1.696,0,0,2.492,0.018,0,2.574,0,1.694,1.706,2.51,2.574
CF198,CF198,1994,6744,379,379,5.29,0,0,0.096,0.712,0.16,0.25,0,2.542,0.01,0,1.118,0,0,0.016,0.246,0.01,0.148,0,3.77,1.118,0.272,0.148
CF199,CF199,1994,6743,381,381,5.23,0,0,0.096,0.712,0.14,0.25,0,2.542,0.01,0,1.068,0,0,0.016,0.236,0.01,0.148,0,3.75,1.068,0.262,0.148
CF232,CF232,1994,6646,447,447,29.55,0.21,2.2,0.31,0.11,0.14,0,0.01,0.364,0.356,0,2.552,0.02,0,16.112,1.116,0.032,6.034,0,1.29,2.572,17.26,6.034
CF233,CF233,1994,6647,449,449,50.39,0.4,3.12,1.2,0.7,0.25,0.112,0.09,1.776,0.598,0,5.064,0.02,0,26.276,1.588,0.052,9.138,0,4.726,5.084,27.916,9.138
CF236,CF236,1994,6718,455,455,40.65,0.37,0.01,0.534,1.396,0.05,0.254,1.892,1.734,0.392,1.682,17.062,0.032,0.048,0.224,4.488,0.298,10.176,0,6.252,18.776,5.01,10.176
CF237,CF237,1994,6719,457,457,41.64,0.38,0.01,0.602,1.528,0.09,0.478,1.902,1.906,0.4,1.81,17.212,0.032,0.048,0.224,4.488,0.298,10.236,0,6.906,19.054,5.01,10.236
CF255,CF255,1994,6481,493,493,995.68,2.938,162.38,6.982,2.732,0.75,0.882,0.01,3.486,7.626,0.012,7.166,0.158,0.01,357.636,3.544,1.484,437.802,0,22.468,7.336,362.664,437.802
CF256,CF256,1994,6482,495,495,997.11,2.98,162.48,6.982,2.732,0.75,0.882,0.01,3.486,7.644,0.012,7.166,0.158,0.01,357.912,3.546,1.494,438.776,0,22.486,7.336,362.952,438.776
CF260,CF260,1994,6483,503,503,1000.39,3.078,163.17,6.982,2.732,0.762,0.882,0.01,3.486,7.666,0.012,7.166,0.158,0.162,357.97,3.546,1.494,441.016,0,22.52,7.336,363.01,441.016
CF314,CF314,1994,6490,597,597,186.49,1.33,11.41,0.896,0.718,1.68,0.502,0.602,4.498,2.012,0.276,22.862,0.064,0.02,17.768,3.084,0.068,118.658,0.02,10.908,23.202,20.92,118.678
CF316,CF316,1994,6494,601,601,69.75,0.21,4.09,0.1,0.06,0.7,0,0,0.194,0.194,0,2.418,0.02,0.02,0.61,0.222,0.01,60.866,0.02,1.248,2.438,0.842,60.886
CF58,CF058,1994,6468,110,110,33.59,0.67,0,0.122,0.11,0,0,0,0.052,0.5,0,0.512,0,0,0.308,8.762,0.716,21.828,0,0.784,0.512,9.786,21.828
CF60,CF060,1994,6469,114,114,36.67,0.67,0,0.14,0.12,0,0,0,0.054,0.528,0,0.562,0,0,0.34,9.844,0.776,23.628,0,0.842,0.562,10.96,23.628
CF122,CF122,1995,6968,249,249,8.76,0.01,0.91,0,0,0,0,0,0,0.07,0,0,0,0,4.594,0.07,0.01,3.096,0,0.07,0,4.674,3.096
CF149,CF149,1995,6969,295,295,9.1,0.06,0.87,0,0.003,0,0,0,0,0.12,0,0,0,0,5.35,0,0.01,2.69,0,0.123,0,5.36,2.69
CF167,CF167,1995,6808,327,327,2.62,0,1.3,0,0.139,0.01,0,0,0.21,0.03,0,0.424,0,0,0.067,0,0,0.44,0,0.389,0.424,0.067,0.44
CF168,CF168,1995,6809,329,329,2.67,0,1.3,0,0.179,0.01,0,0,0.21,0.03,0,0.431,0,0,0.07,0,0,0.447,0,0.429,0.431,0.07,0.447
CF149,CF149,1996,7183,295,295,9.1,0.06,0.87,0,0.004,0,0,0,0,0.12,0,0,0,0,5.35,0,0.01,2.69,0,0.124,0,5.36,2.69
CF239,CF239,1996,7203,461,461,8.26,0.04,0,0,0.01,0,0,0,0.118,0.106,0.03,3.046,0,0.004,0.034,1.572,0.098,3.202,0,0.234,3.076,1.704,3.202
CF175,CF175,1997,7248,337,337,15.74,0.01,5.98,0.14,0,0.14,0,0,0,0.02,0,0.05,0,0,0.18,0.035,0,9.185,0,0.3,0.05,0.215,9.185
CF203,CF203,1997,7246,389,389,11.58,0,6.92,0,0,0,0,0,0,0,0,0,0,0,0.17,0,0.02,4.45,0,0,0,0.19,4.45
CF212,CF212,1997,7309,407,407,8.22,0.01,0.02,0.235,0.63,0.17,0.25,0.08,1.58,0.09,0.005,2.19,0,0,0.005,1.18,0.05,1.73,0,3.035,2.195,1.235,1.73
CF216,CF216,1997,7310,415,415,7.65,0.01,0.02,0.12,0.56,0.15,0.25,0.08,1.44,0.07,0.005,2.09,0,0,0.005,1.155,0.05,1.64,0,2.67,2.095,1.21,1.64
CF228,CF228,1997,7236,439,439,35.79,0.02,20.59,0,0.02,0,0.02,0,0,0.02,0,0,0,0,0.845,0.02,0.03,14.23,0,0.06,0,0.895,14.23
CF246,CF246,1997,7393,475,475,15.52,0.02,0,1.12,3.98,0.47,1.42,3.58,4.56,0.22,0.165,0,0,0,0,0,0,0,0,15.35,0.165,0,0
CF248,CF248,1997,7391,479,479,21.7,0.13,0,1.19,4.885,0.77,1.54,5.1,7.195,0.32,0.55,0,0,0,0.005,0.01,0,0,0,21,0.55,0.015,0
CF249,CF249,1997,7392,481,481,15.62,0.02,0,1.12,3.98,0.51,1.42,3.58,4.6,0.22,0.18,0,0,0,0,0,0,0,0,15.43,0.18,0,0
CF305,CF305,1997,7252,579,579,10.07,0.06,0,0.35,0.17,0,0,0,0.35,0.135,0,2.24,0,0,0.015,0.94,0.065,5.735,0,1.005,2.24,1.02,5.735
CF320,CF320,1997,7312,609,609,95.28,0.53,0.23,1.765,1.225,0.375,0.25,0.09,2.885,0.8,0.025,7.45,0,0.02,0.505,35.23,1.785,42.1,0,7.39,7.475,37.52,42.1
CF322,CF322,1997,7311,613,613,69.42,0.47,0.16,1.235,0.565,0.195,0.01,0.01,1.26,0.62,0.02,4.96,0,0.02,0.43,27.975,1.345,30.14,0,3.895,4.98,29.75,30.14
CF41,CF041,1997,7259,78,78,2.39,0,0.05,0.29,0.705,0,0.02,0.355,0.52,0,0.41,0,0,0,0.04,0,0,0,0,1.89,0.41,0.04,0
CF112,CF112,1998,7700,229,229,180.22,0.69,20.69,3.502,1.892,0.356,0.38,0,2.49,1.95,0,4.344,0,0,82.53,0.448,0.244,60.684,0,10.57,4.344,83.222,60.684
CF126,CF126,1998,7757,257,257,12.17,0.01,0.02,0.552,1.014,0.546,0.106,0.38,3.84,0.176,0.052,3.73,0.01,0.01,0.052,0.604,0,1.058,0,6.614,3.792,0.656,1.058
CF127,CF127,1998,7758,259,259,10.96,0.01,0.02,0.552,1.01,0.512,0.106,0.38,3.578,0.1,0.052,3.248,0.01,0.01,0.044,0.46,0,0.864,0,6.238,3.31,0.504,0.864
CF132,CF132,1998,7663,265,265,607.05,10.83,5.86,13.626,24.108,6.71,6.668,19.99,55.328,6.818,11.862,101.23,0.058,0.064,8.042,169.786,6.404,159.586,0,133.248,113.15,184.232,159.586
CF133,CF133,1998,7623,267,267,188.06,2.81,4.21,3.18,1.938,0.52,0.5,0,6.568,1.878,0,34.268,0.01,0.004,2.784,67.466,2.566,59.322,0,14.584,34.278,72.816,59.322
CF136,CF136,1998,7642,273,273,1080.02,17.1,6.44,21.52,32.374,10.284,9.022,23.892,83.806,12.08,16.222,195.448,0.146,0.156,12.884,307.938,13.834,316.78,0,192.978,211.816,334.656,316.78
CF136,CF136,1998,7781,273,273,1080.02,17.1,6.44,21.52,32.374,10.284,9.022,23.892,83.806,12.08,16.222,195.448,0.146,0.156,12.884,307.938,13.834,316.78,0,192.978,211.816,334.656,316.78
CF139,CF139,1998,7619,279,279,79.46,0.69,2.68,1.062,0.46,0.084,0.23,0,1.746,0.696,0,17.362,0,0,0.884,27.47,1.158,24.932,0,4.278,17.362,29.512,24.932
CF141,CF141,1998,7651,283,283,1294.42,18.38,6.91,22.618,32.684,10.294,9.212,23.892,84.446,13.642,16.222,223.42,0.146,0.156,13.952,363.19,17.33,436.852,0.94,196.788,239.788,394.472,437.792
CF156,CF156,1998,7765,307,307,22.31,0.05,4.12,0.09,0.01,0.06,0,0,0,0.15,0,0,0,0,0.882,0.014,0.03,16.908,0,0.31,0,0.926,16.908
CF156,CF156,1998,7522,307,307,22.31,0.05,4.12,0.09,0.01,0.06,0,0,0,0.15,0,0,0,0,0.882,0.014,0.03,16.908,0,0.31,0,0.926,16.908
CF175,CF175,1998,7536,337,337,15.74,0.01,5.98,0.144,0,0.14,0,0,0,0.02,0,0.05,0,0,0.178,0.034,0,9.184,0,0.304,0.05,0.212,9.184
CF178,CF178,1998,7730,343,343,4.32,0.02,0.06,0.02,0.086,0.02,0.01,0,0.648,0.01,0,1.81,0,0,1.078,0.198,0.01,0.35,0,0.794,1.81,1.286,0.35
CF192,CF192,1998,7538,367,367,9.86,0.25,0.13,0.39,1.226,0.666,0.08,1.626,1.558,0.04,3.43,0,0.07,0,0.02,0,0,0.36,0,5.586,3.5,0.02,0.36
CF2,CF002,1998,7690,4,4,39.52,0.21,16.93,0,0.02,0,0,0,0,0.09,0,0,0,0.03,5.966,0.136,0.07,15.848,0.22,0.11,0,6.172,16.068
CF201,CF201,1998,7618,385,385,12.03,0.06,0.09,0.444,0.854,0.346,0.25,0,2.89,0.076,0,3.264,0,0,0.062,2.192,0.084,1.424,0,4.86,3.264,2.338,1.424
CF202,CF202,1998,7520,387,387,5.66,0.01,1.78,0,0,0,0,0,0,0,0,0,0,0,0,0,0,3.78,0.09,0,0,0,3.87
CF209,CF209,1998,7611,401,401,86.11,0.08,8.51,0.568,0.066,0,0,0,0.006,0.4,0,0.328,0,0,6.536,0.136,0.14,69.322,0,1.04,0.328,6.812,69.322
CF211,CF211,1998,7531,405,405,34.3,0.04,3.71,0.04,0.07,0,0,0,0,0.29,0,0.01,0,0,11.03,0.202,0.076,18.832,0,0.4,0.01,11.308,18.832
CF217,CF217,1998,7676,417,417,345.27,4.55,17.58,2.848,2.398,3.496,2.948,0.166,7.454,4.594,2.022,40.962,0.188,0.14,22.066,12.654,0.398,220.754,0,23.904,43.172,35.118,220.754
CF218,CF218,1998,7677,419,419,111.97,1.72,6.51,1.658,1.926,0.216,2.698,0.166,5.786,1.796,0.124,18.178,0.024,0,6.942,4.034,0.148,60.026,0,14.246,18.326,11.124,60.026
CF219,CF219,1998,7673,421,421,455.7,5.63,21.72,3.406,3.418,8.766,3.606,0.454,12.578,7.088,7.978,59.696,0.198,0.212,30.488,16.918,0.554,272.412,0.53,39.316,67.872,47.96,272.942
CF220,CF220,1998,7542,423,423,10.87,0,1.16,0,0,0,0,0,0,0.05,0,0,0,0,5.478,0.042,0.05,4.094,0,0.05,0,5.57,4.094
CF228,CF228,1998,7532,439,439,35.79,0.02,20.59,0,0.02,0,0.02,0,0,0.02,0,0,0,0,0.844,0.02,0.03,14.23,0,0.06,0,0.894,14.23
CF23,CF023,1998,7502,42,42,31.21,0.03,0.19,0.184,0.07,0,0,0,0,0.25,0,0,0,0,0.528,2.556,0.04,27.352,0,0.504,0,3.124,27.352
CF230,CF230,1998,7509,443,443,17.45,0.14,0.08,0.176,0.03,0,0,0,0,0.056,0,0,0,0,1.184,1.192,0.08,14.514,0,0.262,0,2.456,14.514
CF231,CF231,1998,7685,445,445,15.67,0.25,0.79,0.54,0.726,0.12,1.008,0.16,1.802,0.302,0.1,2.882,0.01,0,0.546,0.586,0.01,5.848,0,4.658,2.992,1.142,5.848
CF234,CF234,1998,7543,451,451,66,0.25,10.25,0.634,0.01,0,0,0,0,0.16,0,0,0,0,12.128,0.26,0.09,42.218,0,0.804,0,12.478,42.218
CF237,CF237,1998,7515,457,457,41.64,0.38,0.01,0.646,1.584,0.09,0.514,2.026,2.178,0.24,1.77,20.476,0.036,0.044,0.152,4.524,0.274,6.688,0,7.278,22.282,4.95,6.688
CF238,CF238,1998,7516,459,459,38.67,0.37,0.01,0.466,0.678,0.05,0.044,1.972,1.816,0.23,1.114,20.316,0.036,0.044,0.148,4.504,0.274,6.598,0,5.256,21.466,4.926,6.598
CF239,CF239,1998,7507,461,461,8.26,0.04,0,0,0.01,0,0,0,0.152,0.074,0.03,3.814,0,0.006,0.026,1.578,0.092,2.438,0,0.236,3.844,1.696,2.438
CF24,CF024,1998,7610,44,44,1265.84,8.24,185.74,13.194,6.462,1.526,1.278,0.12,11.1,10.886,0,34.324,0.03,0,447.13,13.18,2.342,529.666,0.5,44.566,34.354,462.652,530.166
CF240,CF240,1998,7641,463,463,45.99,0.4,0.57,0.646,1.604,0.09,0.53,2.116,2.33,0.27,1.882,22.39,0.036,0.044,0.18,4.824,0.274,7.796,0,7.586,24.308,5.278,7.796
CF25,CF025,1998,7702,46,46,677.29,2.33,73.46,9.228,3.694,0.748,0.746,0,4.252,6.46,0,6.71,0,0,275.942,2.58,1.002,290.064,0,25.128,6.71,279.524,290.064
CF25,CF025,1998,7780,46,46,677.29,2.33,73.46,9.228,3.694,0.748,0.746,0,4.252,6.46,0,6.71,0,0,275.942,2.58,1.002,290.064,0,25.128,6.71,279.524,290.064
CF251,CF251,1998,7627,485,485,37.17,0.14,0.01,1.956,6.932,1.472,1.82,7.452,10.854,0.5,2.334,1.82,0.04,0,0.082,1.286,0.02,0.446,0,30.986,4.194,1.388,0.446
CF259,CF259,1998,7767,501,501,606.98,1.64,87.08,3.54,1.556,0.596,0.456,0,1.942,4.9,0.006,2.326,0.08,0,257.38,2.228,0.79,242.412,0,12.99,2.412,260.398,242.412
CF259,CF259,1998,7706,501,501,606.98,1.64,87.08,3.54,1.556,0.596,0.456,0,1.942,4.9,0.006,2.326,0.08,0,257.38,2.228,0.79,242.412,0,12.99,2.412,260.398,242.412
CF264,CF264,1998,7689,511,511,1497.08,6.234,388.43,9.286,3.562,1.426,1.092,0.01,4.284,9.374,0.016,13.76,0.35,1.946,384.952,4.23,2.166,665.486,0.33,29.034,14.126,391.348,665.816
CF294,CF294,1998,7622,561,561,254.89,5.68,1.44,9.194,18.846,5.344,5.456,18.294,38.682,3.192,7.418,47.272,0.04,0.04,2.65,50.066,1.582,39.674,0,99.008,54.73,54.298,39.674
CF300,CF300,1998,7658,569,569,16.02,0.02,0.06,1.258,2.416,2.216,0.48,1.31,2.466,0.1,1.06,2.162,0,0.01,0.132,1.498,0.036,0.79,0,10.246,3.222,1.666,0.79
CF31,CF031,1998,7513,58,58,10.62,0.05,0.04,0.06,0.646,0.07,0.076,1.224,1.964,0.132,1.028,3.002,0,0,0.02,0.49,0.02,1.784,0,4.172,4.03,0.53,1.784
CF310,CF310,1998,7707,589,589,174.69,0.24,24.1,1.85,0.83,0.15,0.14,0.01,1.112,1.18,0.01,3.324,0.02,0,53.382,0.678,0.306,87.33,0,5.272,3.354,54.366,87.33
CF310,CF310,1998,7790,589,589,174.69,0.24,24.1,1.85,0.83,0.15,0.14,0.01,1.112,1.18,0.01,3.324,0.02,0,53.382,0.678,0.306,87.33,0,5.272,3.354,54.366,87.33
CF312,CF312,1998,7678,593,593,306.51,2.24,16.98,3.848,6.736,8.302,1.382,7.25,28.542,2.05,17.404,40.326,0.062,0.03,23.046,4.228,0.074,143.97,0.02,58.11,57.792,27.348,143.99
CF315,CF315,1998,7708,599,599,131.27,0.18,19.23,1.128,0.14,0.04,0.14,0.01,0.272,0.724,0,1.386,0,0,39.904,0.542,0.2,67.354,0,2.454,1.386,40.646,67.354
CF317,CF317,1998,7679,603,603,147.72,0.66,9.11,0.87,0.518,1.662,0.276,0,3.37,1.13,0,14.648,0.052,0.02,8.778,1.506,0.024,105.066,0.02,7.826,14.7,10.308,105.086
CF320,CF320,1998,7649,609,609,95.28,0.53,0.23,1.78,1.232,0.378,0.25,0.106,2.886,0.788,0.026,7.58,0,0.02,0.468,35.226,1.786,41.978,0,7.42,7.606,37.48,41.978
CF321,CF321,1998,7647,611,611,237.35,0.95,0.6,2.846,1.402,0.408,0.25,0.106,2.896,1.664,0.026,7.71,0.03,0.04,0.852,67.862,3.96,145.722,0,9.572,7.766,72.674,145.722
CF322,CF322,1998,7650,613,613,69.42,0.47,0.16,1.248,0.568,0.196,0.01,0.01,1.272,0.608,0.02,5.092,0,0.02,0.396,27.974,1.346,30.022,0,3.912,5.112,29.716,30.022
CF324,CF324,1998,7626,617,617,33.95,0.05,0.1,3.244,6.868,2.016,1.522,8.71,6.076,0.37,1.67,1.652,0,0,0.102,1.004,0.026,0.528,0,28.806,3.322,1.132,0.528
CF326,CF326,1998,7625,621,621,39.43,0.07,0.16,3.492,7.244,2.096,1.526,8.73,6.932,0.44,2.04,3.318,0,0,0.214,2.184,0.066,0.932,0,30.46,5.358,2.464,0.932
CF333,CF333,1998,7533,635,635,25.05,0,12.54,0.132,0.01,0.046,0,0,0,0.05,0,0,0,0,0.11,0,0,12.158,0,0.238,0,0.11,12.158
CF336,CF336,1998,7698,641,641,376.58,1.83,58.87,3.298,2.502,0.738,0.332,0.12,6.808,3.32,0,27.344,0.02,0,135.528,10.19,0.67,124.924,0.04,17.118,27.364,146.388,124.964
CF34,CF034,1998,7517,64,64,7.68,0.05,0.04,0,0.236,0,0.03,0.69,0.852,0.118,0.354,3.002,0,0,0.02,0.47,0.02,1.784,0,1.926,3.356,0.51,1.784
CF349,CF349,1998,7521,667,667,18.7,0.01,3.13,0,0.01,0,0,0,0,0.01,0,0,0,0,0.074,0,0.01,15.47,0,0.02,0,0.084,15.47
CF349,CF349,1998,7766,667,667,18.7,0.01,3.13,0,0.01,0,0,0,0,0.01,0,0,0,0,0.074,0,0.01,15.47,0,0.02,0,0.084,15.47
CF357,CF357,1998,7670,683,683,144.87,1.34,4.45,1.458,1.354,0.56,0.676,0.02,5.28,2.884,0,29.462,0.03,0.216,16.88,15.806,0.286,64.158,0,12.232,29.492,32.972,64.158
CF358,CF358,1998,7672,685,685,63.46,0.94,1.11,0.942,1.102,0.524,0.536,0.02,3.84,0.834,0,17.646,0.03,0.21,6.83,8.278,0.188,20.418,0,7.798,17.676,15.296,20.418
CF359,CF359,1998,7669,687,687,216.94,2.63,10.5,1.728,1.444,0.6,0.816,0.02,5.612,3.878,0,33.9,0.258,1.31,29.102,20.09,0.534,104.508,0,14.098,34.158,49.726,104.508
CF376,CF376,1998,7752,695,695,4.28,0.02,0.01,0.196,0.442,0.04,0.076,0.006,1.12,0.056,0,0.972,0,0,0.362,0.188,0.01,0.798,0,1.936,0.972,0.56,0.798
CF39,CF039,1998,7754,74,74,7.3,0.05,0.04,0.982,0.266,0.248,0.29,0.494,1.408,0.098,0.208,1.234,0,0,0.168,0.698,0.01,1.1,0,3.786,1.442,0.876,1.1
CF390,CF390,1998,7759,707,707,11.55,0.01,0.11,0.752,0.674,0.59,0.076,0.024,0.8,0.01,0.028,4.166,0.01,0,0.08,3.05,0.066,1.09,0,2.926,4.204,3.196,1.09
CF49,CF049,1998,7692,94,94,9.5,0,0.53,0.206,0.44,0.01,0,0,0.486,0.15,0,0.79,0,0,2.856,0.1,0.038,3.902,0,1.292,0.79,2.994,3.902
CF49,CF049,1998,7530,94,94,9.5,0,0.53,0.206,0.44,0.01,0,0,0.486,0.15,0,0.79,0,0,2.856,0.1,0.038,3.902,0,1.292,0.79,2.994,3.902
CF52,CF052,1998,7503,100,100,4.66,0.04,0.04,0.2,1.496,0.03,0.04,1.226,0.63,0.01,0.942,0,0,0,0,0,0,0,0,3.632,0.942,0,0
CF57,CF057,1998,7774,108,108,34.99,0.08,0.03,0.07,0.07,0,0.15,0,0,0.47,0,0.024,0,0,0.33,14.44,0.744,18.566,0,0.76,0.024,15.514,18.566
CF59,CF059,1998,7506,112,112,7.57,0.02,0,0,0.02,0,0,0,0,0.08,0,0.012,0,0,0.02,1.324,0.09,6.008,0,0.1,0.012,1.434,6.008
CF61,CF061,1998,7613,117,117,5303.35,81.45,233.53,72.836,94.432,48.194,25.928,52.16,247.962,50.982,81.928,679.298,1.334,3.824,278.078,790.902,38.138,2518.774,3.06,592.494,762.56,1107.118,2521.834
CF63,CF063,1998,7614,123,123,5417.2,82.08,250.38,73.694,94.582,48.814,26.062,52.16,247.98,51.664,81.928,680.154,1.68,3.824,286.982,791.086,38.382,2602.156,3.06,594.956,763.762,1116.45,2605.216
CF64,CF064,1998,7693,126,126,5021.85,77.23,162.61,70.726,93.446,48.134,25.828,52.01,246.844,49.928,81.796,674.618,1.334,3.744,242.328,790.24,37.292,2360.856,2.37,586.916,757.748,1069.86,2363.226
CF65,CF065,1998,7668,129,129,3767.07,60.95,43.36,55.818,73.382,26.424,19.372,39.642,189.558,36.898,40.972,549.336,0.838,2.74,103.314,753.62,35.398,1733.578,1.49,441.094,591.146,892.332,1735.068
CF66,CF066,1998,7680,132,132,4398.16,69.57,78.06,62.628,84.488,38.44,23.858,44.744,214.634,45.56,61.972,616.146,1.222,3.614,158.728,780.658,36.472,2074.844,2.07,514.352,679.34,975.858,2076.914
CF68,CF068,1998,7691,138,138,4885.58,73.93,120.43,70.36,93.216,48.006,25.818,52.01,246.784,49.578,81.796,674.054,1.33,3.744,224.304,789.856,37.052,2290.702,2.12,585.772,757.18,1051.212,2292.822
CF69,CF069,1998,7697,141,141,5212.12,80.56,214.08,72.388,94.412,48.19,25.922,52.16,247.892,50.678,81.928,676.654,1.334,3.76,266.54,790.724,37.798,2463.516,3.06,591.642,759.916,1095.062,2466.576
CF71,CF071,1998,7643,147,147,3470.33,57.32,30.08,53.062,70.55,25.524,18.214,39.622,180.88,32.186,40.972,497.772,0.56,0.704,50.356,727.828,34.594,1608.282,1.49,420.038,539.304,812.778,1609.772
CF76,CF076,1998,7763,157,157,7.1,0.04,0,0.572,0.112,0.06,0,0,0.456,0.096,0,0.644,0.01,0,0.034,1.46,0.06,3.558,0,1.296,0.654,1.554,3.558
CF77,CF077,1998,7762,159,159,2.2,0.02,0,0.23,0.03,0.02,0,0,0.2,0.05,0,0.136,0,0,0.004,0.58,0.03,0.894,0,0.53,0.136,0.614,0.894
CF8,CF008,1998,7683,12,12,137.31,0.49,0.35,1.952,0.378,0.156,0,0,0.856,1.222,0,3.506,0.01,0.004,2.384,18.128,1.1,106.762,0,4.564,3.516,21.612,106.762
CF89,CF089,1998,7544,183,183,18.31,0.03,1.38,0,0,0,0,0,0,0.04,0,0,0,0,3.05,0,0.05,13.776,0,0.04,0,3.1,13.776
CF93,CF093,1998,7756,191,191,77.56,1.69,0.25,3.918,8.414,4.078,1.898,3.29,16.672,0.728,5.964,13.984,0.086,0.066,0.992,10.094,0.176,5.248,0,38.998,20.034,11.262,5.248
CF94,CF094,1998,7639,193,193,628.17,4.05,1.35,11.56,16.53,8.66,4.452,5.344,44.706,5.22,8.584,117.582,0.116,0.106,4.748,167.32,6.542,221.222,0,96.472,126.282,178.61,221.222
CF97,CF097,1998,7636,199,199,354.46,3.29,0.87,10.398,15.544,8.314,4.004,5.294,40.9,2.74,8.584,98.394,0.1,0.106,3.354,87.468,2.646,62.402,0,87.194,107.078,93.468,62.402
CF99,CF099,1998,7646,203,203,1174.17,7.33,5.51,16.046,19.082,9.562,4.836,5.344,52.226,9.61,8.584,141.304,0.19,0.15,12.212,239.548,10.602,631.894,0,116.706,150.078,262.362,631.894
CF16,CF016,1999,7839,28,28,3.22,0,1.99,0,0.04,0.007,0,0,0.02,0.01,0,0.333,0,0,0.02,0.01,0.01,0.78,0,0.077,0.333,0.04,0.78
CF17,CF017,1999,7840,30,30,3.27,0,2,0,0.04,0.007,0.01,0,0.034,0.01,0,0.346,0,0,0.02,0.01,0.01,0.783,0,0.101,0.346,0.04,0.783
CF18,CF018,1999,7842,32,32,5.42,0,2.71,0,0.05,0.007,0.128,0,0.14,0.02,0,1.399,0,0,0.03,0.01,0.01,0.916,0,0.345,1.399,0.05,0.916
CF228,CF228,1999,7829,439,439,35.79,0.02,20.59,0,0.02,0,0.02,0,0,0.02,0,0,0,0,0.843,0.02,0.03,14.23,0,0.06,0,0.893,14.23
CF333,CF333,1999,7830,635,635,25.05,0,12.54,0.139,0.01,0.047,0,0,0,0.05,0,0,0,0,0.11,0,0,12.151,0,0.246,0,0.11,12.151
CF349,CF349,1999,7828,667,667,18.7,0.01,3.13,0,0.01,0,0,0,0,0.01,0,0,0,0,0.073,0,0.01,15.47,0,0.02,0,0.083,15.47
CF1,CF001,2000,8176,2,2,34.72,0.19,1.64,0,0.038,0,0.246,0,0.368,1.308,0.01,0.616,0,0,3.714,1.832,0.106,24.666,0,1.96,0.626,5.652,24.666
CF157,CF157,2000,8113,309,309,3.09,0,0,1.256,0.356,0.658,0,0.04,0.158,0.15,0.142,0,0,0,0.018,0.184,0,0.138,0,2.618,0.142,0.202,0.138
CF158,CF158,2000,8124,311,311,7.51,0,0,1.602,1.104,0.686,0.048,0.618,1.598,0.288,0.536,0.1,0,0,0.032,0.544,0.01,0.34,0,5.944,0.636,0.586,0.34
CF159,CF159,2000,8129,313,313,15.96,0.05,0.06,1.776,2.3,0.734,0.276,1.292,4.988,0.666,1.468,0.44,0,0,0.064,0.868,0.02,0.952,0,12.032,1.908,0.952,0.952
CF197,CF197,2000,8273,377,377,8.09,0.03,0.02,0.272,0.862,0.338,0.25,0,2.708,0.04,0,2.074,0,0,0.032,0.874,0.022,0.562,0,4.47,2.074,0.928,0.562
CF201,CF201,2000,8175,385,385,12.03,0.06,0.09,0.452,0.872,0.348,0.25,0,2.92,0.048,0,3.482,0,0,0.046,2.196,0.082,1.192,0,4.89,3.482,2.324,1.192
CF221,CF221,2000,8319,425,425,11.92,0.01,0.01,0.12,0.02,0.01,0,0,0.02,0.16,0,0.26,0,0,0.05,4.562,0.342,6.356,0,0.33,0.26,4.954,6.356
CF3,CF003,2000,8115,6,6,9.64,0.03,0.12,0.01,0.05,0,0,0,0.082,0.258,0,0.424,0,0,1.916,0.696,0.058,5.986,0,0.4,0.424,2.67,5.986
CF388,CF388,2000,8301,703,703,11.58,0.05,0.02,0.1,0.02,0.038,0,0,0.204,0.074,0,2.886,0,0,0.04,3.088,0.246,4.822,0,0.436,2.886,3.374,4.822
CF389,CF389,2000,8302,705,705,6.13,0.03,0.02,0,0,0.038,0,0,0.036,0.064,0,0.268,0,0,0.016,1.456,0.11,4.1,0,0.138,0.268,1.582,4.1
CF115,CF115,2001,8402,235,235,22.12,0.05,1.81,0.269,0.19,0.03,0.13,0,0.169,0.23,0,0.54,0.01,0,8.336,0.041,0.029,10.285,0,1.018,0.55,8.406,10.285
CF116,CF116,2001,8401,237,237,19.95,0.05,1.56,0.26,0.08,0.02,0.119,0,0.079,0.22,0,0.25,0.01,0,7.796,0.041,0.029,9.435,0,0.778,0.26,7.866,9.435
CF157,CF157,2001,8474,309,309,3.09,0,0,1.258,0.358,0.669,0,0.04,0.159,0.15,0.136,0,0,0,0.014,0.177,0,0.139,0,2.634,0.136,0.191,0.139
CF159,CF159,2001,8473,313,313,15.96,0.05,0.06,1.788,2.35,0.747,0.278,1.401,4.899,0.668,1.454,0.405,0,0,0.037,0.849,0.02,0.946,0,12.131,1.859,0.906,0.946
CF197,CF197,2001,8421,377,377,8.09,0.03,0.02,0.276,0.871,0.339,0.25,0,2.719,0.03,0,2.127,0,0,0.026,0.872,0.021,0.501,0,4.485,2.127,0.919,0.501
CF201,CF201,2001,8465,385,385,12.03,0.06,0.09,0.456,0.881,0.349,0.25,0,2.935,0.034,0,3.591,0,0,0.038,2.198,0.081,1.076,0,4.905,3.591,2.317,1.076
CF201,CF201,2001,8407,385,385,12.03,0.06,0.09,0.456,0.881,0.349,0.25,0,2.935,0.034,0,3.591,0,0,0.038,2.198,0.081,1.076,0,4.905,3.591,2.317,1.076
CF207,CF207,2001,8472,397,397,18.74,0.12,0.1,0.3,1.488,0.11,0.259,1.57,5.843,0.197,2.747,4.049,0,0,0.005,0.546,0.02,1.394,0,9.767,6.796,0.571,1.394
CF207,CF207,2001,8383,397,397,18.74,0.12,0.1,0.3,1.488,0.11,0.259,1.57,5.843,0.197,2.747,4.049,0,0,0.005,0.546,0.02,1.394,0,9.767,6.796,0.571,1.394
CF29,CF029,2001,8381,54,54,8.93,0.05,0.04,0.02,0.474,0.03,0.079,1.321,1.106,0.127,0.542,3.278,0,0,0.005,0.465,0.02,1.361,0,3.157,3.82,0.49,1.361
CF303,CF303,2001,8635,575,575,10.44,0.06,0,0.416,0.19,0.01,0,0,0.448,0.091,0,3.668,0,0,0.011,0.962,0.061,4.514,0,1.155,3.668,1.034,4.514
CF306,CF306,2001,8633,581,581,10.11,0.06,0,0.406,0.17,0,0,0,0.408,0.091,0,3.478,0,0,0.011,0.941,0.061,4.493,0,1.075,3.478,1.013,4.493
CF307,CF307,2001,8363,583,583,24.38,0.09,0,0.706,0.299,0.07,0,0,0.605,0.2,0,4.531,0.02,0,0.031,2.533,0.171,15.113,0,1.88,4.551,2.735,15.113
CF307,CF307,2001,8634,583,583,24.38,0.09,0,0.706,0.299,0.07,0,0,0.605,0.2,0,4.531,0.02,0,0.031,2.533,0.171,15.113,0,1.88,4.551,2.735,15.113
CF31,CF031,2001,8468,58,58,10.62,0.05,0.04,0.06,0.664,0.07,0.079,1.491,1.826,0.138,1.052,3.278,0,0,0.005,0.475,0.02,1.361,0,4.328,4.33,0.5,1.361
CF31,CF031,2001,8382,58,58,10.62,0.05,0.04,0.06,0.664,0.07,0.079,1.491,1.826,0.138,1.052,3.278,0,0,0.005,0.475,0.02,1.361,0,4.328,4.33,0.5,1.361
CF33,CF033,2001,8379,62,62,4.71,0.05,0.04,0,0.039,0,0,0.036,0.53,0.078,0.009,2.961,0,0,0.003,0.355,0.011,0.599,0,0.683,2.97,0.369,0.599
CF33,CF033,2001,8466,62,62,4.71,0.05,0.04,0,0.039,0,0,0.036,0.53,0.078,0.009,2.961,0,0,0.003,0.355,0.011,0.599,0,0.683,2.97,0.369,0.599
CF330,CF330,2001,8417,629,629,45,0.21,0.28,0.59,0.199,0.099,0,0,0.462,0.507,0,5.795,0,0,0.138,17.326,0.644,18.749,0,1.857,5.795,18.108,18.749
CF34,CF034,2001,8380,64,64,7.68,0.05,0.04,0,0.254,0,0.03,0.93,0.738,0.127,0.381,3.278,0,0,0.005,0.455,0.02,1.361,0,2.079,3.659,0.48,1.361
CF34,CF034,2001,8467,64,64,7.68,0.05,0.04,0,0.254,0,0.03,0.93,0.738,0.127,0.381,3.278,0,0,0.005,0.455,0.02,1.361,0,2.079,3.659,0.48,1.361
CF76,CF076,2001,8630,157,157,7.1,0.04,0,0.578,0.118,0.06,0,0,0.459,0.099,0,0.641,0.01,0,0.016,1.475,0.06,3.552,0,1.314,0.651,1.551,3.552
CF77,CF077,2001,8636,159,159,2.2,0.02,0,0.23,0.03,0.02,0,0,0.2,0.05,0,0.139,0,0,0.001,0.58,0.03,0.891,0,0.53,0.139,0.611,0.891
CF14,CF014,2002,8712,24,24,13.31,0.03,0.44,0.14,0.01,0,0,0,0.04,0.09,0,2.44,0,0,1.1,0.41,0.01,8.61,0,0.28,2.44,1.52,8.61
CF29,CF029,2002,8703,54,54,8.93,0.05,0.04,0.02,0.48,0.03,0.08,1.41,1.06,0.13,0.55,3.37,0,0,0,0.46,0.02,1.22,0,3.21,3.92,0.48,1.22
CF34,CF034,2002,8704,64,64,7.68,0.05,0.04,0,0.26,0,0.03,1.01,0.7,0.13,0.39,3.37,0,0,0,0.45,0.02,1.22,0,2.13,3.76,0.47,1.22
CF352,CF352,2002,8686,673,673,25.79,0.21,0.52,0.48,0.2,0.01,0,0,0.29,0.52,0,1.27,0.01,0,0.22,10.32,0.49,11.25,0,1.5,1.28,11.03,11.25
CF353,CF353,2002,8683,675,675,8.76,0.05,0.16,0.3,0.12,0.01,0,0,0.29,0.31,0,1.27,0.01,0,0.09,3.17,0.15,2.81,0,1.03,1.28,3.41,2.81
CF354,CF354,2002,8684,677,677,13.64,0.09,0.18,0.41,0.14,0.01,0,0,0.29,0.42,0,1.27,0.01,0,0.13,5.47,0.25,4.98,0,1.27,1.28,5.85,4.98
CF355,CF355,2002,8685,679,679,32.21,0.23,0.69,0.58,0.25,0.01,0,0,0.41,0.54,0,3.42,0.01,0,0.25,13.31,0.57,11.95,0,1.79,3.43,14.13,11.95
CF80,CF080,2002,8710,165,165,16.85,0.12,0.29,0.31,0.18,0.04,0,0,0.08,0.44,0,0.39,0,0,2.05,0.89,0.04,12.01,0,1.05,0.39,2.98,12.01
CF81,CF081,2002,8713,167,167,60.71,0.42,1.55,0.93,0.32,0.05,0.03,0,0.68,1.27,0,10.77,0,0,8.08,3.74,0.12,32.73,0,3.28,10.77,11.94,32.73
CF82,CF082,2002,8707,169,169,100.14,2.13,3.57,1.1,0.39,0.05,0.23,0,1.29,1.69,0,20.3,0,0,11.2,5.19,0.19,52.79,0,4.75,20.3,16.58,52.79
CF83,CF083,2002,8711,171,171,32.98,0.25,0.64,0.43,0.21,0.04,0,0,0.13,0.82,0,1.4,0,0,4.23,1.78,0.06,22.99,0,1.63,1.4,6.07,22.99
CF102,CF102,2003,9137,209,209,14.78,0.06,0,1.538,3.25,2.915,0.063,0.111,0.553,0.145,0.488,1.977,0.01,0,0.037,2.27,0.031,1.331,0,8.575,2.475,2.338,1.331
CF103,CF103,2003,9134,211,211,6.32,0.01,0,1.025,1.662,1.669,0,0,0.094,0.018,0.275,0.556,0.01,0,0.009,0.495,0,0.495,0,4.468,0.841,0.504,0.495
CF110,CF110,2003,8880,225,225,12.87,0.05,1.02,0.23,0.02,0,0,0,0,0.08,0,0,0,0,7.48,0.09,0.02,3.88,0,0.33,0,7.59,3.88
CF125,CF125,2003,9015,255,255,3.16,0,0,0.36,0.51,0.131,0.02,0.181,0.7,0.029,0,0.9,0,0,0,0.13,0,0.199,0,1.931,0.9,0.13,0.199
CF126,CF126,2003,9080,257,257,12.17,0.01,0.02,0.562,1.031,0.616,0.111,0.466,3.876,0.176,0.08,3.679,0.009,0.01,0,0.568,0,0.948,0,6.838,3.768,0.568,0.948
CF127,CF127,2003,9021,259,259,10.96,0.01,0.02,0.562,1.031,0.585,0.111,0.466,3.579,0.098,0.08,3.198,0.009,0.01,0,0.43,0,0.772,0,6.432,3.287,0.43,0.772
CF129,CF129,2003,9020,261,261,4.76,0,0,0.462,0.631,0.495,0.041,0.181,1.104,0.039,0,1.188,0.009,0.01,0,0.236,0,0.355,0,2.953,1.197,0.236,0.355
CF133,CF133,2003,9319,267,267,188.06,2.81,4.21,3.231,1.996,0.545,0.516,0,7.383,1.434,0,40.304,0.01,0.002,1.627,67.853,2.546,53.553,0,15.105,40.314,72.026,53.553
CF146,CF146,2003,9067,289,289,17.05,0.05,0.17,0.151,0.04,0.06,0,0,0.215,0.1,0,6.205,0,0.001,2.643,0.998,0.061,6.347,0,0.566,6.205,3.702,6.347
CF147,CF147,2003,9073,291,291,7.75,0.03,0.07,0.091,0.03,0.06,0,0,0.148,0.001,0,5.132,0,0.001,1.291,0.331,0.03,0.537,0,0.33,5.132,1.652,0.537
CF151,CF151,2003,9092,297,297,4.81,0.02,0,0.441,0.29,0.258,0.08,0.061,0.5,0,0.15,1.654,0,0.03,0.056,0.882,0.02,0.367,0,1.63,1.804,0.958,0.367
CF152,CF152,2003,9096,299,299,8.14,0.04,0,0.441,0.3,0.259,0.08,0.061,0.94,0,0.15,3.174,0,0.03,0.056,1.852,0.04,0.697,0,2.081,3.324,1.948,0.697
CF154,CF154,2003,9057,303,303,20.09,0.01,1.91,0,0.01,0,0,0,0.03,0.07,0,3.98,0,0.003,1.301,0.009,0.05,12.598,0.11,0.11,3.98,1.36,12.708
CF156,CF156,2003,9050,307,307,22.31,0.05,4.12,0.09,0.01,0.06,0,0,0.001,0.151,0,0.327,0,0,0.871,0.009,0.028,16.593,0,0.312,0.327,0.908,16.593
CF176,CF176,2003,9074,339,339,3.15,0.02,0.05,0.01,0.03,0.01,0,0,0.439,0.01,0,1.364,0,0,0.786,0.115,0.009,0.297,0,0.499,1.364,0.91,0.297
CF183,CF183,2003,9085,353,353,9.33,0.01,0,0.53,1.84,0.75,0.33,2.813,2.244,0.133,0.35,0.16,0,0,0,0.12,0.03,0.03,0,8.64,0.51,0.15,0.03
CF186,CF186,2003,9084,357,357,14.54,0.02,0,0.781,2.39,0.95,0.47,3.268,4.124,0.173,0.774,0.98,0,0,0,0.417,0.05,0.144,0,12.156,1.754,0.467,0.144
CF189,CF189,2003,9101,363,363,15.54,0.08,0.2,0.28,0.05,0,0.03,0,0.381,0.087,0,7.998,0,0,1.889,1.221,0.02,3.304,0,0.828,7.998,3.13,3.304
CF190,CF190,2003,9103,365,365,19.29,0.1,0.27,0.394,0.09,0,0.03,0,0.405,0.223,0,8.277,0,0,2.468,1.57,0.039,5.433,0,1.142,8.277,4.077,5.433
CF192,CF192,2003,9266,367,367,9.86,0.25,0.13,0.391,1.232,0.676,0.081,1.645,1.561,0.039,3.397,0.002,0.069,0.001,0.02,0,0,0.357,0,5.625,3.468,0.02,0.357
CF193,CF193,2003,9265,369,369,6.2,0.16,0.06,0.19,0.45,0.657,0.06,0.892,0.792,0.029,2.452,0.002,0.069,0.001,0.02,0,0,0.357,0,3.07,2.523,0.02,0.357
CF195,CF195,2003,8878,373,373,9.2,0.03,0.68,0.38,0.52,0.08,0,0.001,0.588,0.143,0.01,1.73,0,0,2.46,0.01,0,2.579,0,1.712,1.74,2.47,2.579
CF202,CF202,2003,9052,387,387,5.66,0.01,1.78,0,0,0,0,0,0,0,0,0.002,0,0,0,0,0,3.777,0.09,0,0.002,0,3.867
CF203,CF203,2003,9042,389,389,11.58,0,6.92,0,0,0,0,0,0,0,0,0,0,0,0.17,0,0.02,4.45,0,0,0,0.19,4.45
CF206,CF206,2003,9066,395,395,5.94,0.01,0.04,0.253,0.245,0.105,0,0,0.595,0.068,0.479,0.644,0,0,0.02,0.509,0.01,2.952,0,1.266,1.123,0.539,2.952
CF209,CF209,2003,9283,401,401,86.11,0.08,8.51,0.583,0.07,0,0,0,0.01,0.4,0,0.54,0,0,6.532,0.117,0.14,69.119,0,1.063,0.54,6.789,69.119
CF210,CF210,2003,9136,403,403,3.49,0.07,0,0.373,0.424,0.443,0.03,0.194,0.794,0.118,0.164,0.143,0.018,0.021,0.032,0.335,0,0.319,0,2.376,0.325,0.367,0.319
CF211,CF211,2003,9041,405,405,34.3,0.04,3.71,0.04,0.071,0,0,0,0,0.29,0,0.01,0,0,10.956,0.173,0.08,18.93,0,0.401,0.01,11.209,18.93
CF212,CF212,2003,9164,407,407,8.22,0.01,0.02,0.24,0.641,0.18,0.25,0.162,1.527,0.09,0.01,2.179,0,0,0,1.168,0.05,1.701,0,3.09,2.189,1.218,1.701
CF215,CF215,2003,9165,413,413,5.61,0.01,0.02,0.11,0.39,0.09,0.22,0.131,1.033,0.059,0,1.156,0,0,0,0.859,0.03,1.49,0,2.033,1.156,0.889,1.49
CF216,CF216,2003,9163,415,415,7.65,0.01,0.02,0.121,0.56,0.15,0.25,0.162,1.385,0.07,0.01,2.078,0,0,0,1.148,0.05,1.625,0,2.698,2.088,1.198,1.625
CF227,CF227,2003,9166,437,437,5.37,0.02,0.02,0.151,0.01,0,0,0,0,0.02,0,0.02,0,0,0.021,1.899,0.07,3.14,0,0.181,0.02,1.99,3.14
CF228,CF228,2003,9043,439,439,35.79,0.02,20.59,0,0.02,0,0.032,0,0,0.029,0,0,0,0,0.831,0.018,0.03,14.219,0,0.081,0,0.879,14.219
CF235,CF235,2003,9054,453,453,54.23,0.22,9.32,0.523,0.01,0,0,0,0,0.1,0,0,0,0,10.185,0.193,0.081,33.589,0,0.633,0,10.459,33.589
CF237,CF237,2003,9168,457,457,41.64,0.38,0.01,0.691,1.651,0.091,0.555,2.176,2.448,0.077,1.738,23.708,0.039,0.041,0.085,4.558,0.249,3.124,0,7.689,25.485,4.892,3.124
CF251,CF251,2003,9191,485,485,37.17,0.14,0.01,1.96,6.966,1.481,1.821,8.465,9.935,0.484,2.275,1.806,0.04,0,0.05,1.28,0.02,0.446,0,31.112,4.121,1.35,0.446
CF265,CF265,2003,9076,513,513,31.41,0.17,0.68,0.423,0.672,0.082,0.092,0.011,3.183,0.106,0,12.759,0,0,6.032,2.133,0.071,4.977,0,4.569,12.759,8.236,4.977
CF269,CF269,2003,9150,519,519,22.46,0.05,0.23,0.383,0.133,0.042,0,0,0.605,0.077,0.019,12.578,0,0,0.011,2.607,0.16,5.546,0,1.24,12.597,2.778,5.546
CF282,CF282,2003,9016,541,541,2.85,0,0.01,0.03,0.25,0.08,0.07,0.222,1.288,0.01,0.01,0.779,0,0,0,0.03,0,0.071,0,1.95,0.789,0.03,0.071
CF283,CF283,2003,9017,543,543,4.25,0,0.02,0.05,0.32,0.08,0.07,0.222,1.678,0.03,0.01,1.44,0,0,0,0.087,0,0.252,0,2.45,1.45,0.087,0.252
CF293,CF293,2003,9094,559,559,7.69,0.04,0,0.461,0.571,0.07,1.115,0.062,2.794,0.119,0.208,1.186,0,0,0.02,0.668,0.01,0.367,0,5.192,1.394,0.698,0.367
CF300,CF300,2003,9171,569,569,16.02,0.02,0.06,1.278,2.426,2.252,0.483,1.385,2.404,0.099,1.023,2.164,0,0.01,0.081,1.478,0.04,0.808,0,10.327,3.187,1.599,0.808
CF310,CF310,2003,9286,589,589,174.69,0.245,24.1,1.875,0.83,0.151,0.14,0.011,1.14,1.168,0.01,3.528,0.02,0,53.232,0.666,0.31,87.243,0,5.315,3.558,54.208,87.243
CF315,CF315,2003,9285,599,599,131.27,0.185,19.23,1.142,0.14,0.041,0.14,0.01,0.286,0.718,0,1.568,0,0,39.847,0.553,0.2,67.191,0,2.477,1.568,40.6,67.191
CF320,CF320,2003,9204,609,609,95.28,0.545,0.23,1.843,1.262,0.391,0.251,0.172,2.903,0.745,0.03,8.132,0,0.02,0.33,35.186,1.789,41.432,0,7.567,8.162,37.305,41.432
CF321,CF321,2003,9203,611,611,237.35,0.965,0.6,2.957,1.432,0.422,0.251,0.172,2.913,1.625,0.03,8.261,0.03,0.04,0.726,67.787,3.963,145.146,0,9.772,8.321,72.476,145.146
CF322,CF322,2003,9201,613,613,69.42,0.485,0.16,1.302,0.58,0.201,0.01,0.01,1.326,0.562,0.02,5.651,0,0.02,0.268,27.954,1.349,29.504,0,3.991,5.671,29.571,29.504
CF324,CF324,2003,9193,617,617,33.95,0.05,0.1,3.366,7,2.043,1.532,9.972,4.983,0.353,1.489,1.581,0,0,0.009,0.924,0.029,0.499,0,29.249,3.07,0.962,0.499
CF326,CF326,2003,9192,621,621,39.43,0.07,0.16,3.625,7.38,2.123,1.532,9.994,5.85,0.423,1.854,3.248,0,0,0.091,2.1,0.069,0.918,0,30.927,5.102,2.26,0.918
CF330,CF330,2003,9083,629,629,45,0.21,0.28,0.591,0.2,0.1,0,0,0.524,0.448,0,6.401,0,0,0.105,17.346,0.641,18.153,0,1.863,6.401,18.092,18.153
CF334,CF334,2003,9053,637,637,8.26,0.046,1.89,0.15,0.307,0.091,0.043,0,2.591,0.14,0.325,1.401,0,0.002,0.693,0.037,0,0.562,0,3.322,1.726,0.73,0.562
CF337,CF337,2003,9055,643,643,55.17,0.1,5.08,0.9,0.321,0.071,0.02,0,0.695,0.269,0,0.697,0,0,18.012,0.107,0.05,28.821,0,2.276,0.697,18.169,28.821
CF345,CF345,2003,9205,659,659,16.8,0.03,0.03,0.211,0.02,0.03,0,0,0,0.19,0,0.1,0,0,0.031,5.127,0.351,10.67,0,0.451,0.1,5.509,10.67
CF358,CF358,2003,9206,685,685,63.46,0.94,1.11,1.013,1.166,0.561,0.581,0.02,4.15,0.603,0,20.886,0.03,0.213,6.846,8.344,0.18,16.8,0,8.094,20.916,15.37,16.8
CF36,CF036,2003,8881,68,68,16.55,0.07,1.44,0.502,0.671,0.03,0,0,0.891,0.241,0,1.369,0,0,3.472,0.092,0.04,7.733,0,2.335,1.369,3.604,7.733
CF385,CF385,2003,9044,701,701,3.15,0.01,1.29,0.002,0.01,0,0,0,0,0.01,0,0,0,0.042,0.03,0,0,1.756,0,0.022,0,0.03,1.756
CF39,CF039,2003,9152,74,74,7.3,0.05,0.04,1.098,0.291,0.289,0.296,0.874,1.356,0.068,0.245,1.4,0,0,0.019,0.604,0.011,0.651,0,4.272,1.645,0.634,0.651
CF390,CF390,2003,9099,707,707,11.55,0.01,0.11,0.762,0.717,0.592,0.083,0.041,0.849,0.009,0.04,4.131,0.009,0,0.02,3.039,0.071,1.059,0,3.053,4.18,3.13,1.059
CF4,CF004,2003,9068,8,8,14.16,0.07,0.2,0.01,0.07,0,0,0,0.092,0.28,0,0.46,0,0,2.152,0.89,0.079,9.846,0,0.452,0.46,3.121,9.846
CF42,CF042,2003,9078,80,80,8.81,0.11,0.07,0,0.011,0.01,0,0,0.322,0.057,0,4.881,0,0.003,1.829,0.71,0.032,0.766,0,0.4,4.881,2.571,0.766
CF75,CF075,2003,9075,155,155,2.2,0.01,0.01,0.07,0.01,0,0,0,0.033,0.054,0,0.05,0,0,0.453,0.198,0.01,1.302,0,0.167,0.05,0.661,1.302
CF8,CF008,2003,9175,12,12,137.31,0.49,0.35,2.004,0.391,0.16,0,0,0.869,1.228,0,3.631,0.01,0,2.203,18.372,1.079,106.503,0,4.652,3.641,21.654,106.503
CF84,CF084,2003,9269,173,173,14.42,0.25,0.36,0.323,0.86,1.271,0.082,0.53,3.311,0.049,2.622,0.02,0.039,0.094,0.276,0.019,0,4.305,0,6.426,2.681,0.295,4.305
CF85,CF085,2003,9270,175,175,26.54,0.49,0.51,1.034,3.073,1.978,0.173,2.518,5.16,0.117,6.257,0.022,0.108,0.095,0.296,0.029,0,4.663,0,14.053,6.387,0.325,4.663
CF88,CF088,2003,9268,181,181,8.86,0.22,0.15,0.113,0.25,1.271,0,0.384,0.708,0.029,1.099,0.02,0.039,0.094,0.158,0.019,0,4.305,0,2.755,1.158,0.177,4.305
CF89,CF089,2003,9040,183,183,18.31,0.03,1.38,0,0,0,0,0,0,0.04,0,0,0,0,3.048,0,0.05,13.781,0,0.04,0,3.098,13.781
CF94,CF094,2003,9181,193,193,628.17,4.452,1.35,11.986,17.72,9.248,4.714,6.898,46.624,4.638,7.542,123.422,0.075,0.091,2.645,167.09,6.492,213.113,0,101.828,131.039,176.227,213.113
CF97,CF097,2003,9180,199,199,354.46,3.692,0.87,10.754,16.688,8.896,4.255,6.845,42.534,2.309,7.542,101.931,0.055,0.091,1.598,87.038,2.612,56.692,0,92.281,109.528,91.248,56.692
CF26,CF026,2004,9347,48,48,48.67,0.47,4.2,0.274,1.076,0.196,0.06,0.03,3.854,0.182,0,15.948,0,0,13.684,4.356,0.122,4.208,0,5.672,15.948,18.162,4.208
CF27,CF027,2004,9346,50,50,41.58,0.41,3.61,0.08,0.41,0.094,0,0,2.468,0.102,0,14.876,0,0,12.644,3.782,0.112,2.98,0,3.154,14.876,16.538,2.98
CF125,CF125,2006,9842,255,255,3.16,0,0,0.36,0.51,0.134,0.02,0.184,0.7,0.026,0,0.9,0,0,0,0.13,0,0.196,0,1.934,0.9,0.13,0.196
CF146,CF146,2006,10123,289,289,17.05,0.05,0.17,0.154,0.04,0.06,0,0,0.32,0.07,0,6.13,0,0.004,2.652,0.992,0.064,6.338,0,0.644,6.13,3.708,6.338
CF184,CF184,2006,10113,355,355,6.54,0.01,0,0.35,1.31,0.19,0.33,2.106,2.02,0.084,0.12,0,0,0,0,0.01,0,0,0,6.39,0.12,0.01,0
CF186,CF186,2006,10111,357,357,14.54,0.02,0,0.784,2.39,0.95,0.47,3.322,4.136,0.152,0.756,0.98,0,0,0,0.408,0.05,0.126,0,12.204,1.736,0.458,0.126
CF282,CF282,2006,9841,541,541,2.85,0,0.01,0.03,0.25,0.08,0.07,0.228,1.282,0.01,0.01,0.776,0,0,0,0.03,0,0.074,0,1.95,0.786,0.03,0.074
CF348,CF348,2006,10107,665,665,3.92,0.02,0,0,0,0,0,0,0.054,0.026,0,0.6,0,0,0.04,2.03,0.05,1.09,0,0.08,0.6,2.12,1.09
CF350,CF350,2006,10110,669,669,15.34,0.07,0.02,0.12,0.388,0.03,0,0.03,1.35,0.082,0.108,3.602,0,0,0.106,6.092,0.194,3.128,0,2,3.71,6.392,3.128
CF351,CF351,2006,10106,671,671,8.81,0.04,0.01,0.03,0.378,0.03,0,0.03,1.086,0.052,0.108,2.132,0,0,0.046,3.014,0.114,1.732,0,1.606,2.24,3.174,1.732
CF4,CF004,2006,10122,8,8,14.16,0.07,0.2,0.01,0.07,0,0,0,0.098,0.28,0,0.46,0,0,2.128,0.89,0.076,9.864,0,0.458,0.46,3.094,9.864
CF146,CF146,2007,10157,289,289,17.05,0.05,0.17,0.155,0.04,0.06,0,0,0.355,0.06,0,6.105,0,0.005,2.655,0.99,0.065,6.335,0,0.67,6.105,3.71,6.335
CF176,CF176,2007,10153,339,339,3.15,0.02,0.05,0.01,0.03,0.01,0,0,0.515,0.01,0,1.34,0,0,0.77,0.095,0.005,0.285,0,0.575,1.34,0.87,0.285
CF177,CF177,2007,10155,341,341,15.38,0.08,0.18,0.37,0.575,0.07,0.1,0.015,2.53,0.065,0,6.375,0,0,2.615,0.58,0.035,1.785,0,3.725,6.375,3.23,1.785
CF265,CF265,2007,10142,513,513,31.41,0.17,0.68,0.435,0.68,0.09,0.1,0.015,3.755,0.09,0,12.635,0,0,5.84,2.025,0.075,4.805,0,5.165,12.635,7.94,4.805
CF266,CF266,2007,10156,515,515,4.06,0.02,0.08,0,0,0,0,0,0.445,0,0,1.975,0,0,0.725,0.445,0.015,0.35,0,0.445,1.975,1.185,0.35
CF4,CF004,2007,10154,8,8,14.16,0.07,0.2,0.01,0.07,0,0,0,0.1,0.28,0,0.46,0,0,2.12,0.89,0.075,9.87,0,0.46,0.46,3.085,9.87
CF76,CF076,2007,10274,157,157,7.1,0.04,0,0.585,0.12,0.06,0,0,0.465,0.1,0,0.635,0.01,0,0.01,1.47,0.06,3.55,0,1.33,0.645,1.54,3.55
CF106,CF106,2008,10435,217,217,7.45,0,0.51,0,0,0.1,0,0,0,0,0,0,0,0,0,0,0,6.84,0,0.1,0,0,6.84
CF132,CF132,2008,10489,265,265,607.05,10.83,5.86,14.574,25.332,7.176,7.024,25.962,59.676,4.376,11,119.938,0.05,0.078,4.864,165.824,6.286,138.126,0,144.12,130.988,176.974,138.126
CF133,CF133,2008,10491,267,267,188.06,2.81,4.21,3.286,2.026,0.57,0.596,0,9.398,1.054,0,41.324,0.01,0.012,1.762,66.368,2.526,52.068,0,16.93,41.334,70.656,52.068
CF136,CF136,2008,10516,273,273,1080.02,17.1,6.44,22.876,34.296,11.22,9.584,30.452,93.352,7.694,14.862,241.194,0.09,0.152,7.338,302.03,13.502,267.73,0,209.474,256.146,322.87,267.73
CF141,CF141,2008,10515,283,283,1294.42,18.38,6.91,24.176,34.624,11.236,9.954,30.452,94.706,9.296,14.862,278.514,0.09,0.152,8.068,357.21,16.984,377.73,0.94,214.444,293.466,382.262,378.67
CF156,CF156,2008,10380,307,307,22.31,0.05,4.12,0.09,0.01,0.06,0,0,0.006,0.156,0,1.962,0,0,0.876,0.004,0.018,14.958,0,0.322,1.962,0.898,14.958
CF163,CF163,2008,10432,319,319,11.17,0.08,0.55,0,0,0.06,0.02,0,0.156,0.12,0,1.766,0,0,0.174,1.094,0.01,7.14,0,0.356,1.766,1.278,7.14
CF173,CF173,2008,10433,333,333,28.37,0.6,1.28,0.236,0.156,0.166,0.21,0,3.126,0.058,0.586,15.37,0,0,0.852,1.262,0.01,4.45,0,3.952,15.956,2.124,4.45
CF186,CF186,2008,10488,357,357,14.54,0.02,0,0.786,2.39,0.95,0.47,3.358,4.144,0.138,0.744,0.98,0,0,0,0.402,0.05,0.114,0,12.236,1.724,0.452,0.114
CF196,CF196,2008,10437,375,375,11.16,0.06,0.45,0,0,0.126,0,0.01,0.01,0,0.05,0.016,0,0,0,0,0,10.434,0,0.146,0.066,0,10.434
CF201,CF201,2008,10495,385,385,12.03,0.06,0.09,0.466,0.902,0.362,0.25,0,2.968,0.02,0,3.682,0,0,0.03,2.14,0.092,0.972,0,4.968,3.682,2.262,0.972
CF218,CF218,2008,10446,419,419,111.97,1.72,6.51,1.792,2.152,0.22,2.982,0.188,7.474,1.388,0.14,28.614,0.02,0,6.694,3.966,0.14,47.954,0,16.196,28.774,10.8,47.954
CF243,CF243,2008,10434,469,469,16.38,0.07,0.78,0.136,0.006,0.976,0,0,0.484,0.016,0,1.666,0.008,0,0.126,0.196,0,11.912,0,1.618,1.674,0.322,11.912
CF251,CF251,2008,10510,485,485,37.17,0.14,0.01,1.96,6.996,1.486,1.826,8.69,9.96,0.404,2.2,1.736,0.04,0,0.05,1.23,0.02,0.426,0,31.322,3.976,1.3,0.426
CF259,CF259,2008,10409,501,501,606.98,1.68,87.08,3.676,1.614,0.642,0.466,0,2.58,4.468,0.01,2.268,0.08,0.018,256.474,1.586,0.816,243.476,0,13.446,2.358,258.876,243.476
CF272,CF272,2008,10436,525,525,16.62,0.29,0.69,0,0,0.27,0,0,0.02,0,0,0.248,0,0,0,0.05,0,15.062,0,0.29,0.248,0.05,15.062
CF294,CF294,2008,10492,561,561,254.89,5.68,1.44,10.022,19.86,5.732,5.688,23.832,39.704,1.992,6.696,54.712,0.04,0.04,1.188,47.388,1.486,29.37,0,106.83,61.448,50.062,29.37
CF320,CF320,2008,10511,609,609,95.28,0.62,0.23,1.858,1.272,0.396,0.256,0.182,2.968,0.77,0.03,8.292,0,0.02,0.38,35.066,1.784,41.142,0,7.702,8.322,37.23,41.142
CF321,CF321,2008,10506,611,611,237.35,1.04,0.6,2.992,1.442,0.432,0.256,0.182,2.978,1.65,0.03,8.416,0.03,0.04,0.856,67.572,3.978,144.826,0,9.932,8.476,72.406,144.826
CF324,CF324,2008,10509,617,617,33.95,0.05,0.1,3.396,7.1,2.058,1.542,10.482,4.698,0.268,1.384,1.586,0,0,0.004,0.844,0.024,0.394,0,29.544,2.97,0.872,0.394
CF335,CF335,2008,10389,639,639,3.71,0,0.96,0,0.02,0,0.01,0,1.854,0.1,0.06,0.622,0,0,0.03,0,0,0.044,0,1.984,0.682,0.03,0.044
CF336,CF336,2008,10476,641,641,376.58,1.83,58.87,3.352,2.608,0.81,0.352,0.126,8.208,2.454,0,35.554,0.02,0.048,133.958,9.168,0.7,118.432,0.04,17.91,35.574,143.826,118.472
CF358,CF358,2008,10504,685,685,63.46,0.94,1.11,1.028,1.246,0.566,0.586,0.02,4.6,0.368,0,21.866,0.03,0.228,7.026,8.114,0.18,15.55,0,8.414,21.896,15.32,15.55
CF36,CF036,2008,10379,68,68,16.55,0.07,1.44,0.512,0.676,0.03,0,0,0.896,0.246,0,1.364,0,0,3.382,0.052,0.04,7.848,0,2.36,1.364,3.474,7.848
CF8,CF008,2008,10512,12,12,137.31,0.49,0.35,2.024,0.396,0.16,0,0,0.914,1.218,0,4.236,0.01,0,2.218,18.232,1.074,105.968,0,4.712,4.246,21.524,105.968
CF94,CF094,2008,10508,193,193,628.17,6.462,1.35,12.216,18.17,9.688,4.884,7.588,48.794,3.828,7.152,128.282,0.05,0.096,2.97,164.64,6.502,205.428,0,105.168,135.484,174.112,205.428
CF97,CF097,2008,10501,199,199,354.46,5.702,0.87,10.974,17.128,9.326,4.43,7.52,44.104,1.854,7.152,101.836,0.03,0.096,1.738,85.128,2.622,53.902,0,95.336,109.018,89.488,53.902
CF110,CF110,2009,10607,225,225,12.87,0.05,1.02,0.23,0.02,0,0,0,0,0.08,0,0,0,0,7.48,0.09,0.02,3.88,0,0.33,0,7.59,3.88
CF154,CF154,2009,10608,303,303,20.09,0.01,1.91,0,0.01,0,0,0,0.03,0.07,0,3.98,0,0.021,1.307,0.003,0.05,12.586,0.11,0.11,3.98,1.36,12.696
CF155,CF155,2009,10612,305,305,33.54,0.07,5.75,0.397,0.027,0.087,0,0,0.094,0.177,0,3.288,0.02,0,1.524,0.006,0.066,22.031,0,0.782,3.308,1.596,22.031
CF203,CF203,2009,10609,389,389,11.58,0,6.92,0,0,0,0,0,0,0,0,0,0,0,0.17,0,0.02,4.45,0,0,0,0.19,4.45
CF214,CF214,2009,10896,411,411,7.79,0.01,0.02,0.127,0.577,0.15,0.25,0.174,1.509,0.08,0.01,2.089,0,0,0,1.136,0.05,1.605,0,2.867,2.099,1.186,1.605
CF228,CF228,2009,10610,439,439,35.79,0.02,20.59,0,0.02,0,0.104,0,0,0.083,0,0,0,0,0.777,0.006,0.03,14.153,0,0.207,0,0.813,14.153
CF26,CF026,2009,10644,48,48,48.67,0.47,4.2,0.284,1.116,0.211,0.06,0.03,3.989,0.162,0,16.093,0,0,13.494,4.171,0.152,4.228,0,5.852,16.093,17.817,4.228
CF27,CF027,2009,10632,50,50,41.58,0.41,3.61,0.08,0.435,0.104,0,0,2.588,0.082,0,15.041,0,0,12.454,3.587,0.142,3.03,0,3.289,15.041,16.183,3.03
CF32,CF032,2009,10731,60,60,7.17,0.05,0.04,0,0.217,0,0,0.727,0.836,0.123,0.313,3.279,0,0,0,0.401,0.02,1.171,0,1.903,3.592,0.421,1.171
CF385,CF385,2009,10611,701,701,3.15,0.01,1.29,0.014,0.01,0,0,0,0,0.01,0,0,0,0.054,0.03,0,0,1.732,0,0.034,0,0.03,1.732
CF113,CF113,2010,10906,231,231,54.71,0.19,5.38,1.15,0.21,0.04,0.01,0,0.21,0.544,0,1.344,0,0,28.52,0.092,0.082,16.94,0,2.164,1.344,28.694,16.94
CF114,CF114,2010,10909,233,233,11.74,0.08,0.61,0.288,0.02,0,0,0,0.018,0.15,0,0.032,0,0,6.66,0.03,0.02,3.834,0,0.476,0.032,6.71,3.834
CF179,CF179,2010,10912,345,345,7.55,0,0.6,0,0.02,0,0,0,0,0.1,0,0,0,0,4.52,0.024,0,2.288,0,0.12,0,4.544,2.288
CF180,CF180,2010,10911,347,347,4.69,0,0.42,0,0.01,0,0,0,0,0.07,0,0,0,0,2.68,0.022,0,1.5,0,0.08,0,2.702,1.5
CF181,CF181,2010,10913,349,349,8.32,0.01,0.69,0.108,0.02,0,0,0,0,0.1,0,0,0,0,4.72,0.024,0,2.648,0,0.228,0,4.744,2.648
CF19,CF019,2010,10914,34,34,9.51,0.01,0.69,0.378,0.12,0.03,0.01,0,0.166,0.06,0,0.664,0,0,4.808,0.02,0,2.542,0,0.764,0.664,4.828,2.542
CF330,CF330,2010,10974,629,629,45,0.21,0.28,0.598,0.2,0.1,0,0,0.762,0.224,0,6.408,0,0,0.14,17.248,0.648,18.174,0,1.884,6.408,18.036,18.174
CF332,CF332,2010,10907,633,633,16.14,0.07,2.21,0.16,0.04,0,0,0,0.024,0.148,0,0.64,0,0,7.91,0.018,0.052,4.844,0,0.372,0.64,7.98,4.844
CF383,CF383,2010,10908,699,699,2.39,0,0.24,0.01,0,0,0,0,0,0.02,0,0,0,0,1.38,0.002,0,0.73,0,0.03,0,1.382,0.73
CF105,CF105,2012,11335,215,215,15.77,0.03,0.13,0,0.01,0,0,0,0.14,0.04,0,7.73,0,0,0.02,1.73,0.11,5.85,0,0.19,7.73,1.86,5.85
CF330,CF330,2012,11336,629,629,45,0.21,0.28,0.6,0.2,0.1,0,0,0.83,0.16,0,6.41,0,0,0.15,17.22,0.65,18.18,0,1.89,6.41,18.02,18.18
CF330,CF330,2012,11337,629,629,45,0.21,0.28,0.6,0.2,0.1,0,0,0.83,0.16,0,6.41,0,0,0.15,17.22,0.65,18.18,0,1.89,6.41,18.02,18.18
